video_id,question_id,task,question,choices,answer,correct_choice,pred_answer,pred_choice,qa_acc,realtime,n_frames_seen,n_frames_loaded,sample_fps,truncated,tokens_kept,tokens_seen,token_keep_rate,n_tokens_fed,num_blocks,n_local,kv_cache_bytes,retrieve_size,chunk_size
Real-Time_Visual_Understanding__sample_1,Real-Time Visual Understanding_sample_1_1,Object Perception,What logos are visible in the background as players and referees walk towards the center of the football field?,"['FIFA and La Liga.', 'UEFA and La Liga.', 'Bundesliga and La Liga.', 'Aeromexico and La Liga.']",Aeromexico and La Liga.,D,D) Aeromexico and La Liga.,D,100.0,4.0,5,129,1.0,False,612,980,0.6245,784,4,15000,0,64,1
Real-Time_Visual_Understanding__sample_1,Real-Time Visual Understanding_sample_1_2,Causal Reasoning,Why does the player wearing the number nine red and blue jersey celebrate?,"['He saved a goal.', 'He received a pass.', 'He scored a goal.', 'He won a free kick.']",He scored a goal.,C,C) He scored a goal.,C,100.0,53.0,54,129,1.0,False,4559,10584,0.4307,4900,25,15000,0,64,1
Real-Time_Visual_Understanding__sample_1,Real-Time Visual Understanding_sample_1_4,Attribute Perception,What color is the goalie's uniform?,"['Blue.', 'Red.', 'White.', 'Yellow.']",Yellow.,D,D) Yellow.,D,100.0,80.0,81,129,1.0,False,6771,15876,0.4265,7252,37,15000,0,64,1
Real-Time_Visual_Understanding__sample_1,Real-Time Visual Understanding_sample_1_3,Text-Rich Understanding,What logo is seen on the jersey of the player covering his mouth?,"['Apple.', 'Google.', 'Adidas.', 'Spotify.']",Spotify.,D,D) Spotify.,D,100.0,82.0,83,129,1.0,False,6985,16268,0.4294,7644,39,15000,0,64,1
Real-Time_Visual_Understanding__sample_1,Real-Time Visual Understanding_sample_1_5,Attribute Perception,"What is the color of the cooler labeled ""PRIME"" near the team bench?","['Blue.', 'Yellow.', 'Green.', 'Red.']",Red.,D,D).,D,100.0,128.0,129,129,1.0,False,9975,25284,0.3945,10780,55,15000,0,64,1
Real-Time_Visual_Understanding__sample_2,Real-Time Visual Understanding_sample_2_1,Object Perception,What is the number on the back of MAJER's jersey?,"['7.', '10.', '13.', '16.']",7.,A,D).,D,0.0,10.0,11,316,1.0,False,814,2156,0.3776,980,5,15000,0,64,1
Real-Time_Visual_Understanding__sample_2,Real-Time Visual Understanding_sample_2_2,Event Understanding,What event occurred just now?,"['A penalty kick.', 'A free kick.', 'A goal celebration.', 'A corner kick.']",A penalty kick.,A,A) A penalty kick.,A,100.0,19.0,20,316,1.0,False,1486,3920,0.3791,1764,9,15000,0,64,1
Real-Time_Visual_Understanding__sample_2,Real-Time Visual Understanding_sample_2_3,Action Perception,What is the goalkeeper doing as the player takes the penalty shot?,"['Standing still.', 'Diving to his right.', 'Running towards the ball.', 'Waving his hands.']",Diving to his right.,B,B) Diving to his right.,B,100.0,112.0,113,316,1.0,False,8627,22148,0.3895,9016,46,15000,0,64,1
Real-Time_Visual_Understanding__sample_2,Real-Time Visual Understanding_sample_2_4,Causal Reasoning,Why did the player celebrate by clenching his fists and bending his head forward?,"['He just scored a penalty kick.', 'He blocked a shot.', 'He made a successful pass.', 'He received a yellow card.']",He just scored a penalty kick.,A,A) He just scored a penalty kick.,A,100.0,211.0,212,316,1.0,False,16387,41552,0.3944,16856,86,15000,966590464,64,1
Real-Time_Visual_Understanding__sample_2,Real-Time Visual Understanding_sample_2_5,Text-Rich Understanding,What is the current score shown on the scoreboard?,"['Croatia 3 - 2 Brazil.', 'Croatia 4 - 2 Brazil.', 'Croatia 4 - 3 Brazil.', 'Croatia 5 - 2 Brazil.']",Croatia 4 - 2 Brazil.,B,A) Croatia 3 - 2 Brazil.,A,0.0,315.0,316,316,1.0,False,24565,61936,0.3966,25088,128,15000,1438646272,64,1
Real-Time_Visual_Understanding__sample_3,Real-Time Visual Understanding_sample_3_1,Object Perception,What appears at the very beginning of the video?,"['A football match.', 'A logo of FC Barcelona.', 'A silver trophy.', 'A live concert.']",A logo of FC Barcelona.,B,B) A logo of FC Barcelona.,B,100.0,8.0,9,172,1.0,False,895,1764,0.5074,980,5,15000,0,64,1
Real-Time_Visual_Understanding__sample_3,Real-Time Visual Understanding_sample_3_2,Spatial Understanding,What is the position relationship between the woman in a black dress and the woman in a white outfit?,"['They are standing side by side.', 'They are standing back to back.', 'The woman in black is in front of the woman in white.', 'The woman in white is holding the trophy.']",They are standing side by side.,A,D) The woman in white is holding the trophy.,D,0.0,20.0,21,172,1.0,False,1906,4116,0.4631,2156,11,15000,0,64,1
Real-Time_Visual_Understanding__sample_3,Real-Time Visual Understanding_sample_3_3,Attribute Perception,What color is the goalkeeper's kit when standing in front of the goalposts?,"['Red.', 'Green.', 'Yellow.', 'Blue.']",Yellow.,C,C).,C,100.0,69.0,70,172,1.0,False,5634,13720,0.4106,6076,31,15000,0,64,1
Real-Time_Visual_Understanding__sample_3,Real-Time Visual Understanding_sample_3_4,Object Perception,What advertisement is displayed on the red boards behind the goal?,"['AMBILIGHT TV.', 'NIKE.', 'ESTRELLA DAMM.', 'ADIDAS.']",ESTRELLA DAMM.,C,C) ESTRELLA DAMM.,C,100.0,123.0,124,172,1.0,False,9429,24304,0.388,9996,51,15000,0,64,1
Real-Time_Visual_Understanding__sample_3,Real-Time Visual Understanding_sample_3_5,Action Perception,What are the two people in the video frame doing now?,"['handshaking.', 'Hugging.', 'High-fiving.', 'Fist bumping.']",handshaking.,A,A) handshaking.,A,100.0,171.0,172,172,1.0,False,13148,33712,0.39,13720,70,15000,0,64,1
Real-Time_Visual_Understanding__sample_4,Real-Time Visual Understanding_sample_4_2,Causal Reasoning,Why are the players in green and white striving to intercept the ball?,"['They are warming up for the game.', 'They are practicing their defensive moves.', 'They are reacting to an offensive move toward the goal.', 'They are performing a choreographed play.']",They are reacting to an offensive move toward the goal.,C,C) They are reacting to an offensive move toward the goal.,C,100.0,19.0,20,221,1.0,False,1701,3920,0.4339,1764,9,15000,0,64,1
Real-Time_Visual_Understanding__sample_4,Real-Time Visual Understanding_sample_4_1,Object Perception,What emblem appears at the beginning of the video?,"['An animal symbol.', 'A football club shield.', 'A national flag.', 'A corporate logo.']",A football club shield.,B,B) A football club shield.,B,100.0,20.0,21,221,1.0,False,1803,4116,0.438,1960,10,15000,0,64,1
Real-Time_Visual_Understanding__sample_4,Real-Time Visual Understanding_sample_4_3,Text-Rich Understanding,What was the score and the position of the teams right now?,"['1-0, the team in blue and red is leading.', '2-0, the team in white is leading.', '2-0, the team in blue and red is leading.', '1-1, the teams are tied.']","2-0, the team in blue and red is leading.",C,"C) 2-0, the team in blue and red is leading.",C,100.0,64.0,65,221,1.0,False,5211,12740,0.409,5488,28,15000,0,64,1
Real-Time_Visual_Understanding__sample_4,Real-Time Visual Understanding_sample_4_4,Event Understanding,What is the updated score after the player in number 11 scored a goal?,"['2-0.', '3-0.', '5-0.', '4-0.']",4-0.,D,A).,A,0.0,131.0,132,221,1.0,False,10010,25872,0.3869,10388,53,15000,0,64,1
Real-Time_Visual_Understanding__sample_4,Real-Time Visual Understanding_sample_4_5,Attribute Perception,"What uniform does the player named ""JOAO CANCELO"" wear?","['Purple and white.', 'Red and blue striped.', 'Blue and yellow.', 'Green and black.']",Red and blue striped.,B,B) Red and blue striped.,B,100.0,220.0,221,221,1.0,False,17384,43316,0.4013,17836,91,15000,1022787584,64,1
Real-Time_Visual_Understanding__sample_5,Real-Time Visual Understanding_sample_5_1,Text-Rich Understanding,What name is written on the goalkeeper's bright green jersey?,"['NEUER.', 'PICKFORD.', 'DE GEA.', 'COURTOIS.']",PICKFORD.,B,B) PICKFORD.,B,100.0,14.0,15,444,1.0,False,1291,2940,0.4391,1372,7,15000,0,64,1
Real-Time_Visual_Understanding__sample_5,Real-Time Visual Understanding_sample_5_2,Object Perception,What brand is visible on the player's white cleats?,"['Nike.', 'Puma.', 'Adidas.', 'Under Armour.']",Adidas.,C,C) Adidas.,C,100.0,18.0,19,444,1.0,False,1636,3724,0.4393,1764,9,15000,0,64,1
Real-Time_Visual_Understanding__sample_5,Real-Time Visual Understanding_sample_5_3,Event Understanding,What is the outcome of the penalty kick just now?,"['The goalkeeper saves the ball.', 'The ball hits the post.', 'The ball goes over the crossbar.', 'The ball goes into the net.']",The ball goes over the crossbar.,C,D) The ball goes into the net.,D,0.0,147.0,148,444,1.0,False,10671,29008,0.3679,10976,56,15000,0,64,1
Real-Time_Visual_Understanding__sample_5,Real-Time Visual Understanding_sample_5_4,Action Perception,What did the goalkeeper do during the penalty kick?,"['Stood still.', 'Dived to his left.', 'Dived to his right.', 'Ran towards the ball.']",Dived to his left.,B,C) Dived to his right.,C,0.0,273.0,274,444,1.0,False,19629,53704,0.3655,19992,102,15000,1146421248,64,1
Real-Time_Visual_Understanding__sample_5,Real-Time Visual Understanding_sample_5_5,Text-Rich Understanding,What number is on the back of the goalkeeper's kit who is preparing to dive for the penalty kick?,"['10.', '7.', '5.', '1.']",1.,D,D).,D,100.0,443.0,444,444,1.0,False,31214,87024,0.3587,31752,162,15000,1820786688,64,1
Real-Time_Visual_Understanding__sample_6,Real-Time Visual Understanding_sample_6_1,Action Perception,What action is the player in the white shirt with number 20 doing?,"['Walking on the field.', 'Preparing for a penalty kick.', 'Waving to the crowd.', 'Kneeling on the ground.']",Kneeling on the ground.,D,D) Kneeling on the ground.,D,100.0,14.0,15,426,1.0,False,882,2940,0.3,980,5,15000,0,64,1
Real-Time_Visual_Understanding__sample_6,Real-Time Visual Understanding_sample_6_2,Object Perception,What brand is advertised on the boards behind the goal?,"['Adidas.', 'Nike.', 'Pepsi.', 'Kia Motors.']",Kia Motors.,D,D) Kia Motors.,D,100.0,145.0,146,426,1.0,False,9233,28616,0.3227,9408,48,15000,0,64,1
Real-Time_Visual_Understanding__sample_6,Real-Time Visual Understanding_sample_6_3,Event Understanding,What is the crowd's reaction during the player's preparation for the penalty kick?,"['Celebrating wildly.', 'Leaving the stadium.', 'Booing the player.', 'Seemingly in prayer or anticipation.']",Seemingly in prayer or anticipation.,D,D) Seemingly in prayer or anticipation.,D,100.0,151.0,152,426,1.0,False,9792,29792,0.3287,9996,51,15000,0,64,1
Real-Time_Visual_Understanding__sample_6,Real-Time Visual Understanding_sample_6_4,Action Perception,What is the player in the black jersey doing just now?,"['Raising both arms.', 'Moving away from the ball.', 'Running toward the crowd.', 'Bending down to adjust the football.']",Bending down to adjust the football.,D,D) Bending down to adjust the football.,D,100.0,293.0,294,426,1.0,False,19530,57624,0.3389,19796,101,15000,1135181824,64,1
Real-Time_Visual_Understanding__sample_6,Real-Time Visual Understanding_sample_6_5,Text-Rich Understanding,What is written on the back of the goalkeeper's jersey?,"['SMITH 10.', 'JONES 15.', 'SCHEMEICHEL 1.', 'MARTIN 8.']",SCHEMEICHEL 1.,C,C) SCHEMEICHEL 1.,C,100.0,425.0,426,426,1.0,False,28983,83496,0.3471,29400,150,15000,1685913600,64,1
Real-Time_Visual_Understanding__sample_7,Real-Time Visual Understanding_sample_7_1,Event Understanding,What is happening in the penalty area of the football field?,"['A player is preparing to take a penalty kick.', 'A player is scoring a goal.', 'A fight is breaking out.', 'The referee is ending the game.']",A player is preparing to take a penalty kick.,A,A) A player is preparing to take a penalty kick.,A,100.0,16.0,17,397,1.0,False,1119,3332,0.3358,1176,6,15000,0,64,1
Real-Time_Visual_Understanding__sample_7,Real-Time Visual Understanding_sample_7_2,Event Understanding,What happens after the penalty kick is taken?,"['The penalty kick was saved by the goalkeeper.', 'The goalkeeper catches the ball.', 'The ball goes into the bottom left of the net.', 'The ball is deflected by a defender.']",The penalty kick was saved by the goalkeeper.,A,C) The ball goes into the bottom left of the net.,C,0.0,135.0,136,397,1.0,False,9683,26656,0.3633,9800,50,15000,0,64,1
Real-Time_Visual_Understanding__sample_7,Real-Time Visual Understanding_sample_7_4,Event Understanding,What happens after the goalkeeper dives to his right?,"['The ball goes past the goalkeeper.', 'The goalkeeper catches the ball.', 'The player misses the goal.', 'The ball hits the post.']",The ball goes past the goalkeeper.,A,A) The ball goes past the goalkeeper.,A,100.0,258.0,259,397,1.0,False,18850,50764,0.3713,19012,97,15000,1090224128,64,1
Real-Time_Visual_Understanding__sample_7,Real-Time Visual Understanding_sample_7_3,Action Perception,What does the player in the white and light blue striped jersey do after running forward?,"['Passes the ball.', 'Stops running.', 'Celebrates.', 'Kicks the ball towards the goal.']",Kicks the ball towards the goal.,D,D) Kicks the ball towards the goal.,D,100.0,260.0,261,397,1.0,False,19028,51156,0.372,19208,98,15000,1101463552,64,1
Real-Time_Visual_Understanding__sample_7,Real-Time Visual Understanding_sample_7_5,Event Understanding,What event is taking place right now?,"['A soccer match celebration.', 'A concert.', 'A protest.', 'A graduation ceremony.']",A soccer match celebration.,A,A) A soccer match celebration.,A,100.0,396.0,397,397,1.0,False,29451,77812,0.3785,29792,152,15000,1708392448,64,1
Real-Time_Visual_Understanding__sample_8,Real-Time Visual Understanding_sample_8_1,Attribute Perception,What is the color and number of the football player's jersey who is preparing for a penalty kick?,"['Red, 10.', 'Blue, 14.', 'Black, 22.', 'White, 26.']","White, 26.",D,"D) White, 26.",D,100.0,5.0,6,257,1.0,False,526,1176,0.4473,588,3,15000,0,64,1
Real-Time_Visual_Understanding__sample_8,Real-Time Visual Understanding_sample_8_2,Attribute Perception,What name and number are on the goalkeeper's jersey righ now?,"['COSTA, 26.', 'RONALDO, 7.', 'MESSI, 10.', 'DIOGO COSTA, 22.']","DIOGO COSTA, 22.",D,"D) DIOGO COSTA, 22.",D,100.0,14.0,15,257,1.0,False,1193,2940,0.4058,1372,7,15000,0,64,1
Real-Time_Visual_Understanding__sample_8,Real-Time Visual Understanding_sample_8_3,Text-Rich Understanding,What advertisement is visible around the perimeter of the field right now?,"['""Airbnb"".', '""Expedia"".', '""Booking.com"".', '""TripAdvisor"".']","""Booking.com"".",C,"C) ""Booking.com"".",C,100.0,85.0,86,257,1.0,False,6629,16856,0.3933,6860,35,15000,0,64,1
Real-Time_Visual_Understanding__sample_8,Real-Time Visual Understanding_sample_8_4,Attribute Perception,What colors are present on the shirt of the fan holding the scarf?,"['Red with white trimming.', 'Green with red trimming.', 'Yellow with red trimming.', 'Red with green trimming.']",Red with green trimming.,D,D) Red with green trimming.,D,100.0,163.0,164,257,1.0,False,12013,32144,0.3737,12348,63,15000,0,64,1
Real-Time_Visual_Understanding__sample_8,Real-Time Visual Understanding_sample_8_5,Event Understanding,What is the outcome of Bernardo's penalty kick?,"['The ball hits the post.', 'The ball goes out of bounds.', 'The goalkeeper saves the ball.', 'The ball hits the back of the net.']",The ball hits the back of the net.,D,D) The ball hits the back of the net.,D,100.0,256.0,257,257,1.0,False,18466,50372,0.3666,18816,96,15000,1078984704,64,1
Real-Time_Visual_Understanding__sample_9,Real-Time Visual Understanding_sample_9_1,Text-Rich Understanding,What card is this person playing now?,"['Nine of Spades.', 'Six of Spades.', 'Nine of Hearts.', 'Seven of Diamonds.']",Nine of Spades.,A,C) Nine of Hearts.,C,0.0,11.0,12,76,1.0,False,880,2352,0.3741,980,5,15000,0,64,1
Real-Time_Visual_Understanding__sample_9,Real-Time Visual Understanding_sample_9_2,Clips Summarize,What does the video primarily capture?,"['A card game in progress between two individuals.', 'A cooking tutorial.', 'A conversation between two people.', 'A travel vlog.']",A card game in progress between two individuals.,A,A) A card game in progress between two individuals.,A,100.0,19.0,20,76,1.0,False,1325,3920,0.338,1568,8,15000,0,64,1
Real-Time_Visual_Understanding__sample_9,Real-Time Visual Understanding_sample_9_3,Object Perception,What else is on the table besides the playing cards and a black object?,"['A pair of glasses.', 'A computer.', 'A pile of books.', 'A stack of notebooks.']",A pair of glasses.,A,A) A pair of glasses.,A,100.0,54.0,55,76,1.0,False,3187,10780,0.2956,3528,18,15000,0,64,1
Real-Time_Visual_Understanding__sample_9,Real-Time Visual Understanding_sample_9_4,Attribute Perception,What type of shirt is the opponent wearing?,"['A blue and white patterned shirt.', 'A plain white shir.', 'A yellow patterned shirt.', 'A red checkered shirt.']",A blue and white patterned shirt.,A,A) A blue and white patterned shirt.,A,100.0,71.0,72,76,1.0,False,4121,14112,0.292,4508,23,15000,0,64,1
Real-Time_Visual_Understanding__sample_9,Real-Time Visual Understanding_sample_9_5,Prospective Reasoning,What will the camera holder most likely do next?,"['Place Four of hearts onto the central pile.', 'Place the Ace of Spades onto the discard pile.', 'Put the Seven of Diamonds onto the foundation stack.', 'Move the King of Clubs to the empty tableau column.']",Place Four of hearts onto the central pile.,A,B) Place the Ace of Spades onto the discard pile.,B,0.0,75.0,76,76,1.0,False,4338,14896,0.2912,4900,25,15000,0,64,1
Real-Time_Visual_Understanding__sample_10,Real-Time Visual Understanding_sample_10_1,Attribute Perception,What is the color of the sky right now?,"['Clear with sunshine.', 'Overcast with heavy clouds.', 'Dark and stormy.', 'Clear with scattered clouds.']",Overcast with heavy clouds.,B,B) Overcast with heavy clouds.,B,100.0,31.0,32,458,1.0,False,1369,6272,0.2183,1372,7,15000,0,64,1
Real-Time_Visual_Understanding__sample_10,Real-Time Visual Understanding_sample_10_2,Event Understanding,What happens after the person stops mashing and places the bowl to one side?,"['He pick up pineapple from the table.', 'He begin slicing a yellow fruit.', 'He start grilling pineapple and meat.', 'He pour sauce into a small white bowl.']",He pick up pineapple from the table.,A,B) He begin slicing a yellow fruit.,B,0.0,128.0,129,458,1.0,False,5209,25284,0.206,5292,27,15000,0,64,1
Real-Time_Visual_Understanding__sample_10,Real-Time Visual Understanding_sample_10_3,Spatial Understanding,How are the food items arranged on the grill?,"['The buns are on the right side, and the vegetables and meat are on the left side.', 'The buns are on the top, and the vegetables and meat are on the bottom.', 'The buns are on the left side, and the vegetables and meat are on the right side.', 'The buns are at the center, and the vegetables and meat are on both sides.']","The buns are on the left side, and the vegetables and meat are on the right side.",C,"C) The buns are on the left side, and the vegetables and meat",C,100.0,282.0,283,458,1.0,False,13578,55468,0.2448,13720,70,15000,0,64,1
Real-Time_Visual_Understanding__sample_10,Real-Time Visual Understanding_sample_10_4,Attribute Perception,Which item placed on the grill has a yellow color?,"['Meat slices.', 'Bell pepper.', 'Pineapple.', 'Hamburger buns.']",Pineapple.,C,C) Pineapple.,C,100.0,304.0,305,458,1.0,False,14830,59780,0.2481,15092,77,15000,865435648,64,1
Real-Time_Visual_Understanding__sample_10,Real-Time Visual Understanding_sample_10_5,Attribute Perception,What item is the person holding right now?,"['A white rectangular plate with hamburgers.', 'A white circular plate with a fish.', 'A blue rectangular plate with a salad.', 'A green square plate with a pie.']",A white rectangular plate with hamburgers.,A,A) A white rectangular plate with hamburgers.,A,100.0,457.0,458,458,1.0,False,22341,89768,0.2489,22736,116,15000,1303773184,64,1
Real-Time_Visual_Understanding__sample_11,Real-Time Visual Understanding_sample_11_1,Object Perception,What is prominently displayed in red letters on the top shelf in the kitchen?,"['EAT.', 'COOK.', 'CHEF.', 'BAKE.']",COOK.,B,B) COOK.,B,100.0,22.0,23,503,1.0,False,1155,4508,0.2562,1176,6,15000,0,64,1
Real-Time_Visual_Understanding__sample_11,Real-Time Visual Understanding_sample_11_2,Action Perception,What action does the person take with the cauliflower?,"['He put it back on the counter.', 'He wash it under the sink.', 'He position it on a cutting board and cut it.', 'He place it in a bowl.']",He position it on a cutting board and cut it.,C,C) He position it on a cutting board and cut it.,C,100.0,80.0,81,503,1.0,False,3740,15876,0.2356,3920,20,15000,0,64,1
Real-Time_Visual_Understanding__sample_11,Real-Time Visual Understanding_sample_11_3,Action Perception,What is the person doing with the cauliflower right now?,"['Cutting it.', 'Seasoning it.', 'Placing it in the frying pan.', 'Washing it.']",Placing it in the frying pan.,C,C) Placing it in the frying pan.,C,100.0,128.0,129,503,1.0,False,6377,25284,0.2522,6664,34,15000,0,64,1
Real-Time_Visual_Understanding__sample_11,Real-Time Visual Understanding_sample_11_4,Event Understanding,What action does the person perform after adding the golden liquid to the bowl?,"['Begins stirring the mixture.', 'Starts cutting vegetables.', 'Places the bowl on the counter.', 'Prepares another ingredient.']",Begins stirring the mixture.,A,A) Begins stirring the mixture.,A,100.0,431.0,432,503,1.0,False,21902,84672,0.2587,22344,114,15000,1281294336,64,1
Real-Time_Visual_Understanding__sample_11,Real-Time Visual Understanding_sample_11_5,Object Perception,What is the person holding right now?,"['A knife and a bowl.', 'A spoon and a knife.', 'A spoon and a towel.', 'A frying pan and a spatula.']",A spoon and a towel.,C,C) A spoon and a towel.,C,100.0,502.0,503,503,1.0,False,25774,98588,0.2614,26264,134,15000,1506082816,64,1
Real-Time_Visual_Understanding__sample_12,Real-Time Visual Understanding_sample_12_1,Attribute Perception,What color shirt is the man wearing when he holds the white plate with a piece of raw steak?,"['Dark gray.', 'Green.', 'Blue.', 'White.']",Dark gray.,A,A) Dark gray.,A,100.0,57.0,58,665,1.0,False,2942,11368,0.2588,3136,16,15000,0,64,1
Real-Time_Visual_Understanding__sample_12,Real-Time Visual Understanding_sample_12_2,Object Perception,What object is the person holding and gesturing towards right now?,"['A frying pan.', 'A bowl of radishes.', 'A jar of chili flakes.', 'A plate with raw meat.']",A plate with raw meat.,D,D) A plate with raw meat.,D,100.0,85.0,86,665,1.0,False,4207,16856,0.2496,4508,23,15000,0,64,1
Real-Time_Visual_Understanding__sample_12,Real-Time Visual Understanding_sample_12_3,Object Perception,What is the person holding in their hand?,"['A spatula.', 'A wooden spoon.', 'A fork.', 'Red tongs.']",Red tongs.,D,D) Red tongs.,D,100.0,185.0,186,665,1.0,False,9189,36456,0.2521,9604,49,15000,0,64,1
Real-Time_Visual_Understanding__sample_12,Real-Time Visual Understanding_sample_12_4,Object Perception,What is the man holding in his right hand while preparing food on the cutting board?,"['A jar of salt.', 'Half a lemon.', 'A red vegetable.', 'A small white bowl.']",A small white bowl.,D,C) A red vegetable.,C,0.0,544.0,545,665,1.0,False,27965,106820,0.2618,28420,145,15000,1629716480,64,1
Real-Time_Visual_Understanding__sample_12,Real-Time Visual Understanding_sample_12_5,Text-Rich Understanding,What is the title of the cookbook prominently featured?,"['""Gordon Ramsay in 10: Delicious Recipes Made in a Flash"".', '""Jamie Oliver\'s 30-Minute Meals"".', '""Gordon Ramsay\'s Ultimate Cookery Course"".', '""Nigella Express: Good Food Fast"".']","""Gordon Ramsay in 10: Delicious Recipes Made in a Flash"".",A,"A) ""Gordon Ramsay in 10: Delicious Recipes Made in",A,100.0,664.0,665,665,1.0,False,34405,130340,0.264,34888,178,15000,2000617472,64,1
Real-Time_Visual_Understanding__sample_13,Real-Time Visual Understanding_sample_13_1,Attribute Perception,What shirt color is the individual wearing right now?,"['Dark blue.', 'Grey.', 'White.', 'Dark green.']",Dark green.,D,B) Grey.,B,0.0,21.0,22,687,1.0,False,1142,4312,0.2648,1176,6,15000,0,64,1
Real-Time_Visual_Understanding__sample_13,Real-Time Visual Understanding_sample_13_2,Action Perception,What was the person doing while holding the grater over the bowl?,"['Slicing the orange.', 'Mixing ingredients.', 'Washing the orange.', 'Grating the orange peel.']",Grating the orange peel.,D,D) Grating the orange peel.,D,100.0,426.0,427,687,1.0,False,23318,83692,0.2786,23520,120,15000,1348730880,64,1
Real-Time_Visual_Understanding__sample_13,Real-Time Visual Understanding_sample_13_3,Causal Reasoning,Why does the man bend over the counter?,"['To pick up a dropped item.', 'To peel an orange.', 'To check the stove.', 'To clean the counter.']",To peel an orange.,B,B) To peel an orange.,B,100.0,497.0,498,687,1.0,False,27265,97608,0.2793,27636,141,15000,1584758784,64,1
Real-Time_Visual_Understanding__sample_13,Real-Time Visual Understanding_sample_13_4,Object Perception,What tool is the person using to grate the orange?,"['Cheese grater.', 'Knife.', 'Peeler.', 'Microplane.']",Microplane.,D,D) Microplane.,D,100.0,575.0,576,687,1.0,False,31550,112896,0.2795,31948,163,15000,1832026112,64,1
Real-Time_Visual_Understanding__sample_13,Real-Time Visual Understanding_sample_13_5,Object Perception,What is the man sprinkling onto the dish in the kitchen?,"['Sugar.', 'Flour.', 'Cocoa powder.', 'Sliced nut.']",Sliced nut.,D,D) Sliced nut.,D,100.0,686.0,687,687,1.0,False,38815,134652,0.2883,39396,201,15000,2259124224,64,1
Real-Time_Visual_Understanding__sample_14,Real-Time Visual Understanding_sample_14_1,Object Perception,What is displayed prominently in the center at the very beginning of the video?,"['A clock with hands.', 'A knife and fork.', 'A kitchen setting.', 'A large number ""10"".']","A large number ""10"".",D,"D) A large number ""10"".",D,100.0,20.0,21,622,1.0,False,1004,4116,0.2439,1176,6,15000,0,64,1
Real-Time_Visual_Understanding__sample_14,Real-Time Visual Understanding_sample_14_2,Object Perception,What item is the man holding while adding seasoning to the bowl?,"['A small jar.', 'A wooden spoon.', 'A bottle of oil.', 'A thin, red, rectangular can.']","A thin, red, rectangular can.",D,"D) A thin, red, rectangular can.",D,100.0,74.0,75,622,1.0,False,4036,14700,0.2746,4312,22,15000,0,64,1
Real-Time_Visual_Understanding__sample_14,Real-Time Visual Understanding_sample_14_3,Event Understanding,What does the person do immediately after transferring the seasoned chicken to the grill pan?,"['Adds oil to the pan.', 'Sprinkles additional seasoning onto the meat.', 'Places the glass bowl in the sink.', 'Turns up the heat on the stove.']",Sprinkles additional seasoning onto the meat.,B,A) Adds oil to the pan.,A,0.0,132.0,133,622,1.0,False,6922,26068,0.2655,7252,37,15000,0,64,1
Real-Time_Visual_Understanding__sample_14,Real-Time Visual Understanding_sample_14_4,Action Perception,What does the person do with the avocado after cutting it?,"['Adds it whole to the blender.', 'Mashes it with a spoon.', 'Scoops out the flesh and places it into the blending container.', 'Peels off the skin and discards it.']",Scoops out the flesh and places it into the blending container.,C,C) Scoops out the flesh and places it into the blending container.,C,100.0,274.0,275,622,1.0,False,15334,53900,0.2845,15680,80,15000,899153920,64,1
Real-Time_Visual_Understanding__sample_14,Real-Time Visual Understanding_sample_14_5,Object Perception,What are some of the components of the salad on the cutting board?,"['Spinach, red cabbage, tomato, feta cheese, and olives.', 'Lettuce, red cabbage, tomato, feta cheese, and croutons.', 'Spinach, red cabbage, avocado, feta cheese, and croutons.', 'Lettuce, red cabbage, avocado, feta cheese, and croutons, chicken.']","Lettuce, red cabbage, avocado, feta cheese, and croutons, chicken.",D,"D) Lettuce, red cabbage, avocado, feta cheese, and",D,100.0,621.0,622,622,1.0,False,34569,121912,0.2836,35084,179,15000,2011856896,64,1
Real-Time_Visual_Understanding__sample_15,Real-Time Visual Understanding_sample_15_1,Action Perception,What does the person do right after zesting the lime over the bowl?,"['Mixes the ingredients with a spoon.', 'Adds another ingredient from a bottle.', 'Places the lime on the countertop.', 'Mixes the ingredients by his hand.']",Mixes the ingredients by his hand.,D,D) Mixes the ingredients by his hand.,D,100.0,92.0,93,522,1.0,False,5686,18228,0.3119,5880,30,15000,0,64,1
Real-Time_Visual_Understanding__sample_15,Real-Time Visual Understanding_sample_15_2,Object Perception,What item is the man holding in his left hand right now?,"['A spatula.', 'A red pepper mill.', 'A glass bowl.', 'A bottle of olive oil.']",A bottle of olive oil.,D,D) A bottle of olive oil.,D,100.0,160.0,161,522,1.0,False,8805,31556,0.279,9016,46,15000,0,64,1
Real-Time_Visual_Understanding__sample_15,Real-Time Visual Understanding_sample_15_3,Attribute Perception,What colors are visible in the dish of rice on the stovetop?,"['White, red, and green.', 'White and green.', 'Brown and green.', 'Brown, red, and green.']","White, red, and green.",A,"A) White, red, and green.",A,100.0,279.0,280,522,1.0,False,14952,54880,0.2724,15288,78,15000,876675072,64,1
Real-Time_Visual_Understanding__sample_15,Real-Time Visual Understanding_sample_15_4,Attribute Perception,What color are the walls in the kitchen?,"['White.', 'Black.', 'Green.', 'Blue.']",White.,A,A).,A,100.0,305.0,306,522,1.0,False,16087,59976,0.2682,16464,84,15000,944111616,64,1
Real-Time_Visual_Understanding__sample_15,Real-Time Visual Understanding_sample_15_5,Event Understanding,What sequence of actions was the person follow after tilting the pan?,"['Pouring food into a bowl, setting the pan aside, and wiping the countertop.', 'Chopping vegetables, stirring the pan, and explaining the recipe.', 'Pouring food into a bowl, adding more ingredients, and tasting the dish.', 'Stirring the food, plating the dish, and washing utensils.']","Pouring food into a bowl, setting the pan aside, and wiping the countertop.",A,"C) Pouring food into a bowl, adding more ingredients, and tasting the",C,0.0,521.0,522,522,1.0,False,26807,102312,0.262,27244,139,15000,1562279936,64,1
Real-Time_Visual_Understanding__sample_16,Real-Time Visual Understanding_sample_16_1,Object Perception,What is the man from the introduction holding in his hand right now?,"['A cookbook.', 'A knife.', 'A towel.', 'A spatula.']",A towel.,C,C) A towel.,C,100.0,9.0,10,660,1.0,False,781,1960,0.3985,784,4,15000,0,64,1
Real-Time_Visual_Understanding__sample_16,Real-Time Visual Understanding_sample_16_2,Object Perception,What is placed on the ridged grill pan right now?,"['A large piece of raw ground meat.', 'A piece of chicken.', 'A slice of bread.', 'A fish fillet.']",A large piece of raw ground meat.,A,A) A large piece of raw ground meat.,A,100.0,327.0,328,660,1.0,False,22412,64288,0.3486,22540,115,15000,1292533760,64,1
Real-Time_Visual_Understanding__sample_16,Real-Time Visual Understanding_sample_16_3,Object Perception,What items are present on the grill pan right now?,"['Chicken breast, tomato slices, and mushrooms.', 'Grilled onions, beef patty, and bacon strips.', 'Fish fillets, asparagus, and lemon slices.', 'Sausage links, green peppers, and onions.']","Grilled onions, beef patty, and bacon strips.",B,"D) Sausage links, green peppers, and onions.",D,0.0,481.0,482,660,1.0,False,33016,94472,0.3495,33320,170,15000,1910702080,64,1
Real-Time_Visual_Understanding__sample_16,Real-Time Visual Understanding_sample_16_4,Object Perception,What item is displayed on the phone screen right now?,"['A recipe.', 'A cooking video.', 'The time.', 'A shopping list.']",The time.,C,C) The time.,C,100.0,642.0,643,660,1.0,False,44379,126028,0.3521,44688,228,15000,2562588672,64,1
Real-Time_Visual_Understanding__sample_16,Real-Time Visual Understanding_sample_16_5,Action Perception,What does the person with long blonde hair do in the video?,"['Cooks a meal.', 'Washes dishes.', 'Record a video about this food.', 'Sets the table.']",Record a video about this food.,C,A) Cooks a meal.,A,0.0,659.0,660,660,1.0,False,45834,129360,0.3543,46256,236,15000,2652504064,64,1
Real-Time_Visual_Understanding__sample_17,Real-Time Visual Understanding_sample_17_1,Action Perception,What action is the person taking with the meat?,"['He seasons the meat.', 'He lowers the meat into the frying pan.', 'He cuts the meat into pieces.', 'He removes the meat from the frying pan.']",He lowers the meat into the frying pan.,B,A) He seasons the meat.,A,0.0,124.0,125,553,1.0,False,7059,24500,0.2881,7252,37,15000,0,64,1
Real-Time_Visual_Understanding__sample_17,Real-Time Visual Understanding_sample_17_2,Object Perception,What type of fruit is being squeezed right now?,"['Blueberry.', 'Orange.', 'Yellow Plum.', 'Apple.']",Yellow Plum.,C,C) Yellow Plum.,C,100.0,243.0,244,553,1.0,False,14270,47824,0.2984,14504,74,15000,0,64,1
Real-Time_Visual_Understanding__sample_17,Real-Time Visual Understanding_sample_17_3,Object Perception,What is the man using to cook food in the pan?,"['A wooden spoon.', 'A metal spatula.', 'Red kitchen tongs.', 'A fork.']",Red kitchen tongs.,C,C) Red kitchen tongs.,C,100.0,363.0,364,553,1.0,False,21011,71344,0.2945,21364,109,15000,1225097216,64,1
Real-Time_Visual_Understanding__sample_17,Real-Time Visual Understanding_sample_17_4,Object Perception,What is simmering in a pan on the right side of the kitchen counter right now?,"['Tomatoes slices.', 'Cooked food.', 'Vegetables.', 'Leafy greens.']",Tomatoes slices.,A,A) Tomatoes slices.,A,100.0,481.0,482,553,1.0,False,27753,94472,0.2938,28224,144,15000,1618477056,64,1
Real-Time_Visual_Understanding__sample_17,Real-Time Visual Understanding_sample_17_5,Action Perception,What is this person doing now right now?,"['Dice the green onions finely.', 'Chop the cilantro finely.', 'Climbing ropes and carabiners.', 'First aid kits and maps.']",Chop the cilantro finely.,B,A) Dice the green onions finely.,A,0.0,552.0,553,553,1.0,False,32196,108388,0.297,32732,167,15000,1876983808,64,1
Real-Time_Visual_Understanding__sample_18,Real-Time Visual Understanding_sample_18_1,Object Perception,What sign is decorating the upper left portion of the wall behind the man?,"['A blue ""CHEF"" sign.', 'A yellow ""COOK"" sign.', 'A red ""COOK"" sign.', 'A green ""CHEF"" sign.']","A red ""COOK"" sign.",C,"C) A red ""COOK"" sign.",C,100.0,40.0,41,546,1.0,False,2152,8036,0.2678,2156,11,15000,0,64,1
Real-Time_Visual_Understanding__sample_18,Real-Time Visual Understanding_sample_18_2,Object Perception,What is the man at the stove wearing?,"['A green T-shirt.', 'A striped shirt.', 'A dark T-shirt.', ""A chef's hat.""]",A dark T-shirt.,C,C) A dark T-shirt.,C,100.0,117.0,118,546,1.0,False,6465,23128,0.2795,6664,34,15000,0,64,1
Real-Time_Visual_Understanding__sample_18,Real-Time Visual Understanding_sample_18_3,Object Perception,What is the chef holding while stirring the leafy greens in the pan?,"['A metal spoon.', 'A plastic spatula.', 'A wooden spoon.', 'A whisk.']",A wooden spoon.,C,C) A wooden spoon.,C,100.0,200.0,201,546,1.0,False,10547,39396,0.2677,10780,55,15000,0,64,1
Real-Time_Visual_Understanding__sample_18,Real-Time Visual Understanding_sample_18_4,Action Perception,What is the man doing right now?,"['He chops vegetables.', 'He uses spoon to lift yellow pasta from the pot.', 'He pours sauce into the pot.', 'He sets the table.']",He uses spoon to lift yellow pasta from the pot.,B,B) He uses spoon to lift yellow pasta from the pot.,B,100.0,406.0,407,546,1.0,False,21850,79772,0.2739,22148,113,15000,1270054912,64,1
Real-Time_Visual_Understanding__sample_18,Real-Time Visual Understanding_sample_18_5,Text-Rich Understanding,How much time does this person have left now??,"['01:53.', '01:52.', '01:51.', '01:54.']",01:52.,B,A) 01:53.,A,0.0,545.0,546,546,1.0,False,29201,107016,0.2729,29596,151,15000,1697153024,64,1
Real-Time_Visual_Understanding__sample_19,Real-Time Visual Understanding_sample_19_1,Attribute Perception,What is the color of the baking dish filled with flour?,"['Blue.', 'Grey.', 'White.', 'Black.']",Grey.,B,B).,B,100.0,181.0,182,727,1.0,False,11721,35672,0.3286,11760,60,15000,0,64,1
Real-Time_Visual_Understanding__sample_19,Real-Time Visual Understanding_sample_19_3,Object Perception,What is the person wearing while standing in the kitchen?,"['A blue apron.', 'A white t-shirt.', 'A black jacket.', 'A red sweater.']",A white t-shirt.,B,B) A white t-shirt.,B,100.0,361.0,362,727,1.0,False,22886,70952,0.3226,22932,117,15000,1315012608,64,1
Real-Time_Visual_Understanding__sample_19,Real-Time Visual Understanding_sample_19_2,Object Perception,What item does the person use to mix the contents of the bowl?,"['A spoon.', 'A fork.', 'A whisk.', 'A spatula.']",A whisk.,C,C) A whisk.,C,100.0,363.0,364,727,1.0,False,22990,71344,0.3222,23128,118,15000,1326252032,64,1
Real-Time_Visual_Understanding__sample_19,Real-Time Visual Understanding_sample_19_4,Object Perception,What is on the countertop in front of the man right now?,"['A loaf of bread and a bottle of wine.', 'A bowl of fruit and a bottle of juice.', 'A cutting board with sliced potatoes.', 'A plate of vegetables and a bottle of water.']",A cutting board with sliced potatoes.,C,C) A cutting board with sliced potatoes.,C,100.0,542.0,543,727,1.0,False,34032,106428,0.3198,34300,175,15000,1966899200,64,1
Real-Time_Visual_Understanding__sample_19,Real-Time Visual Understanding_sample_19_5,Object Perception,What is the countertop made of in the kitchen scene?,"['Granite.', 'Wood.', 'Marble.', 'Stainless steel.']",Marble.,C,C) Marble.,C,100.0,726.0,727,727,1.0,False,45893,142492,0.3221,46256,236,15000,2652504064,64,1
Real-Time_Visual_Understanding__sample_20,Real-Time Visual Understanding_sample_20_1,Attribute Perception,What is the color of the man's t-shirt in the initial video?,"['Light blue.', 'Dark navy blue.', 'White.', 'Green.']",Dark navy blue.,B,B) Dark navy blue.,B,100.0,51.0,52,323,1.0,False,2485,10192,0.2438,2548,13,15000,0,64,1
Real-Time_Visual_Understanding__sample_20,Real-Time Visual Understanding_sample_20_2,Object Perception,What item is the woman initially holding in her left hand right now?,"['A green container.', 'A small saucepan.', 'A white bowl.', 'A can.']",A can.,D,D) A can.,D,100.0,60.0,61,323,1.0,False,3124,11956,0.2613,3332,17,15000,0,64,1
Real-Time_Visual_Understanding__sample_20,Real-Time Visual Understanding_sample_20_3,Object Perception,What item is the woman holding in her left hand right now?,"['A carton of eggs.', 'A white mixing bowl.', 'A whisk.', 'A small white bowl.']",A white mixing bowl.,B,B) A white mixing bowl.,B,100.0,121.0,122,323,1.0,False,7194,23912,0.3009,7448,38,15000,0,64,1
Real-Time_Visual_Understanding__sample_20,Real-Time Visual Understanding_sample_20_4,Attribute Perception,What color is the fluid being poured onto the griddle?,"['White.', 'Yellow.', 'Brown.', 'Red.']",Yellow.,B,C) Brown.,C,0.0,181.0,182,323,1.0,False,10653,35672,0.2986,10976,56,15000,0,64,1
Real-Time_Visual_Understanding__sample_20,Real-Time Visual Understanding_sample_20_5,Event Understanding,What has this woman just done?,"['Pour the cooked seasonings from the pot onto the chicken wings on the grill.', 'Pour the seasonings from the pot onto the panca.', 'Pour the prepared sauce from the pot onto the roasted fish.', 'Pour the mixed spices from the pot onto the steak being seared.']",Pour the seasonings from the pot onto the panca.,B,B) Pour the seasonings from the pot onto the panca.,B,100.0,322.0,323,323,1.0,False,20303,63308,0.3207,20776,106,15000,1191378944,64,1
