frame_idx,num_frames,seconds,fps,local_window_full,model,n_local,sample_fps,n_frame_tokens,prune_method,prune_threshold,tokens_kept,tokens_seen,keep_rate,vision_method,vision_threshold,vision_patches_kept,vision_patches_seen,vision_keep_rate,video_hours,kv_cache_bytes,gpu_weights_bytes,gpu_peak_bytes
0,1,0.07213856093585491,13.862211652505694,False,llava_ov_7b,15000,2.0,196,rlt,0.7,7917,78400,0.10098214285714285,none,,,,,0.05555555555555555,0,16588876288,19894154240
1,1,0.01624169701244682,61.569920879182156,False,llava_ov_7b,15000,2.0,196,rlt,0.7,7917,78400,0.10098214285714285,none,,,,,0.05555555555555555,0,16588876288,19894154240
2,1,0.016145585104823112,61.936436091205735,False,llava_ov_7b,15000,2.0,196,rlt,0.7,7917,78400,0.10098214285714285,none,,,,,0.05555555555555555,0,16588876288,19894154240
3,1,0.01606679696124047,62.24015915632713,False,llava_ov_7b,15000,2.0,196,rlt,0.7,7917,78400,0.10098214285714285,none,,,,,0.05555555555555555,0,16588876288,19894154240
4,1,0.01594505796674639,62.715356826266294,False,llava_ov_7b,15000,2.0,196,rlt,0.7,7917,78400,0.10098214285714285,none,,,,,0.05555555555555555,0,16588876288,19894154240
5,1,0.015939211938530207,62.73835895127777,False,llava_ov_7b,15000,2.0,196,rlt,0.7,7917,78400,0.10098214285714285,none,,,,,0.05555555555555555,0,16588876288,19894154240
6,1,0.01593514299020171,62.75437883518745,False,llava_ov_7b,15000,2.0,196,rlt,0.7,7917,78400,0.10098214285714285,none,,,,,0.05555555555555555,0,16588876288,19894154240
7,1,0.015946393948979676,62.71010255983201,False,llava_ov_7b,15000,2.0,196,rlt,0.7,7917,78400,0.10098214285714285,none,,,,,0.05555555555555555,0,16588876288,19894154240
8,1,0.01590052095707506,62.89102116211119,False,llava_ov_7b,15000,2.0,196,rlt,0.7,7917,78400,0.10098214285714285,none,,,,,0.05555555555555555,0,16588876288,19894154240
9,1,0.015957797993905842,62.66528755295011,False,llava_ov_7b,15000,2.0,196,rlt,0.7,7917,78400,0.10098214285714285,none,,,,,0.05555555555555555,0,16588876288,19894154240
10,1,0.015797522966749966,63.30106321761725,False,llava_ov_7b,15000,2.0,196,rlt,0.7,7917,78400,0.10098214285714285,none,,,,,0.05555555555555555,0,16588876288,19894154240
11,1,0.01575615000911057,63.467280993248785,False,llava_ov_7b,15000,2.0,196,rlt,0.7,7917,78400,0.10098214285714285,none,,,,,0.05555555555555555,0,16588876288,19894154240
12,1,0.01567624695599079,63.790778673453005,False,llava_ov_7b,15000,2.0,196,rlt,0.7,7917,78400,0.10098214285714285,none,,,,,0.05555555555555555,0,16588876288,19894154240
13,1,0.07189450901933014,13.909268087930496,False,llava_ov_7b,15000,2.0,196,rlt,0.7,7917,78400,0.10098214285714285,none,,,,,0.05555555555555555,0,16588876288,19894154240
14,1,0.01598199491854757,62.570411584818544,False,llava_ov_7b,15000,2.0,196,rlt,0.7,7917,78400,0.10098214285714285,none,,,,,0.05555555555555555,0,16588876288,19894154240
15,1,0.01565361302345991,63.88301528224252,False,llava_ov_7b,15000,2.0,196,rlt,0.7,7917,78400,0.10098214285714285,none,,,,,0.05555555555555555,0,16588876288,19894154240
16,1,0.01551591302268207,64.44996169662342,False,llava_ov_7b,15000,2.0,196,rlt,0.7,7917,78400,0.10098214285714285,none,,,,,0.05555555555555555,0,16588876288,19894154240
17,1,0.015399376978166401,64.93769205194623,False,llava_ov_7b,15000,2.0,196,rlt,0.7,7917,78400,0.10098214285714285,none,,,,,0.05555555555555555,0,16588876288,19894154240
18,1,0.015425903955474496,64.82602270093288,False,llava_ov_7b,15000,2.0,196,rlt,0.7,7917,78400,0.10098214285714285,none,,,,,0.05555555555555555,0,16588876288,19894154240
19,1,0.015604467946104705,64.0842099489606,False,llava_ov_7b,15000,2.0,196,rlt,0.7,7917,78400,0.10098214285714285,none,,,,,0.05555555555555555,0,16588876288,19894154240
20,1,0.015752224950119853,63.48309544629702,False,llava_ov_7b,15000,2.0,196,rlt,0.7,7917,78400,0.10098214285714285,none,,,,,0.05555555555555555,0,16588876288,19894154240
21,1,0.015635546995326877,63.95682864813608,False,llava_ov_7b,15000,2.0,196,rlt,0.7,7917,78400,0.10098214285714285,none,,,,,0.05555555555555555,0,16588876288,19894154240
22,1,0.015823976951651275,63.19523865937174,False,llava_ov_7b,15000,2.0,196,rlt,0.7,7917,78400,0.10098214285714285,none,,,,,0.05555555555555555,0,16588876288,19894154240
23,1,0.015415760921314359,64.86867596768225,False,llava_ov_7b,15000,2.0,196,rlt,0.7,7917,78400,0.10098214285714285,none,,,,,0.05555555555555555,0,16588876288,19894154240
24,1,0.01537214801646769,65.05271735145485,False,llava_ov_7b,15000,2.0,196,rlt,0.7,7917,78400,0.10098214285714285,none,,,,,0.05555555555555555,0,16588876288,19894154240
25,1,0.015325553016737103,65.25050018801251,False,llava_ov_7b,15000,2.0,196,rlt,0.7,7917,78400,0.10098214285714285,none,,,,,0.05555555555555555,0,16588876288,19894154240
26,1,0.015353314927779138,65.13251403386997,False,llava_ov_7b,15000,2.0,196,rlt,0.7,7917,78400,0.10098214285714285,none,,,,,0.05555555555555555,0,16588876288,19894154240
27,1,0.015250775963068008,65.5704340829376,False,llava_ov_7b,15000,2.0,196,rlt,0.7,7917,78400,0.10098214285714285,none,,,,,0.05555555555555555,0,16588876288,19894154240
28,1,0.015338347991928458,65.19606938936532,False,llava_ov_7b,15000,2.0,196,rlt,0.7,7917,78400,0.10098214285714285,none,,,,,0.05555555555555555,0,16588876288,19894154240
29,1,0.07189924805425107,13.908351297992116,False,llava_ov_7b,15000,2.0,196,rlt,0.7,7917,78400,0.10098214285714285,none,,,,,0.05555555555555555,0,16588876288,19894154240
30,1,0.016031361068598926,62.37773547242522,False,llava_ov_7b,15000,2.0,196,rlt,0.7,7917,78400,0.10098214285714285,none,,,,,0.05555555555555555,0,16588876288,19894154240
31,1,0.015717071946710348,63.6250825465811,False,llava_ov_7b,15000,2.0,196,rlt,0.7,7917,78400,0.10098214285714285,none,,,,,0.05555555555555555,0,16588876288,19894154240
32,1,0.015582528081722558,64.17443913821305,False,llava_ov_7b,15000,2.0,196,rlt,0.7,7917,78400,0.10098214285714285,none,,,,,0.05555555555555555,0,16588876288,19894154240
33,1,0.01547493296675384,64.62063532994863,False,llava_ov_7b,15000,2.0,196,rlt,0.7,7917,78400,0.10098214285714285,none,,,,,0.05555555555555555,0,16588876288,19894154240
34,1,0.015538787934929132,64.35508381912676,False,llava_ov_7b,15000,2.0,196,rlt,0.7,7917,78400,0.10098214285714285,none,,,,,0.05555555555555555,0,16588876288,19894154240
35,1,0.01537806901615113,65.02767018080941,False,llava_ov_7b,15000,2.0,196,rlt,0.7,7917,78400,0.10098214285714285,none,,,,,0.05555555555555555,0,16588876288,19894154240
36,1,0.015870696981437504,63.00920502543827,False,llava_ov_7b,15000,2.0,196,rlt,0.7,7917,78400,0.10098214285714285,none,,,,,0.05555555555555555,0,16588876288,19894154240
37,1,0.015392112080007792,64.9683418884963,False,llava_ov_7b,15000,2.0,196,rlt,0.7,7917,78400,0.10098214285714285,none,,,,,0.05555555555555555,0,16588876288,19894154240
38,1,0.015347004984505475,65.15929336112241,False,llava_ov_7b,15000,2.0,196,rlt,0.7,7917,78400,0.10098214285714285,none,,,,,0.05555555555555555,0,16588876288,19894154240
39,1,0.015288500930182636,65.40863650181653,False,llava_ov_7b,15000,2.0,196,rlt,0.7,7917,78400,0.10098214285714285,none,,,,,0.05555555555555555,0,16588876288,19894154240
40,1,0.015382646932266653,65.00831777542778,False,llava_ov_7b,15000,2.0,196,rlt,0.7,7917,78400,0.10098214285714285,none,,,,,0.05555555555555555,0,16588876288,19894154240
41,1,0.015638076001778245,63.946485481096744,False,llava_ov_7b,15000,2.0,196,rlt,0.7,7917,78400,0.10098214285714285,none,,,,,0.05555555555555555,0,16588876288,19894154240
42,1,0.015594601980410516,64.12475299184749,False,llava_ov_7b,15000,2.0,196,rlt,0.7,7917,78400,0.10098214285714285,none,,,,,0.05555555555555555,0,16588876288,19894154240
43,1,0.015752773033455014,63.480886690631934,False,llava_ov_7b,15000,2.0,196,rlt,0.7,7917,78400,0.10098214285714285,none,,,,,0.05555555555555555,0,16588876288,19894154240
44,1,0.015365528059192002,65.0807441272269,False,llava_ov_7b,15000,2.0,196,rlt,0.7,7917,78400,0.10098214285714285,none,,,,,0.05555555555555555,0,16588876288,19894154240
45,1,0.01531380892265588,65.30054051546632,False,llava_ov_7b,15000,2.0,196,rlt,0.7,7917,78400,0.10098214285714285,none,,,,,0.05555555555555555,0,16588876288,19894154240
46,1,0.015303728054277599,65.34355527315363,False,llava_ov_7b,15000,2.0,196,rlt,0.7,7917,78400,0.10098214285714285,none,,,,,0.05555555555555555,0,16588876288,19894154240
47,1,0.015431778971105814,64.80134285699543,False,llava_ov_7b,15000,2.0,196,rlt,0.7,7917,78400,0.10098214285714285,none,,,,,0.05555555555555555,0,16588876288,19894154240
48,1,0.015289384056814015,65.40485844845595,False,llava_ov_7b,15000,2.0,196,rlt,0.7,7917,78400,0.10098214285714285,none,,,,,0.05555555555555555,0,16588876288,19894154240
49,1,0.07251985801849514,13.789326500680192,False,llava_ov_7b,15000,2.0,196,rlt,0.7,7917,78400,0.10098214285714285,none,,,,,0.05555555555555555,0,16588876288,19894154240
50,1,0.016002018004655838,62.492118163412066,False,llava_ov_7b,15000,2.0,196,rlt,0.7,7917,78400,0.10098214285714285,none,,,,,0.05555555555555555,0,16588876288,19894154240
51,1,0.015649831970222294,63.89844963848489,False,llava_ov_7b,15000,2.0,196,rlt,0.7,7917,78400,0.10098214285714285,none,,,,,0.05555555555555555,0,16588876288,19894154240
52,1,0.015608842018991709,64.06625160170577,False,llava_ov_7b,15000,2.0,196,rlt,0.7,7917,78400,0.10098214285714285,none,,,,,0.05555555555555555,0,16588876288,19894154240
53,1,0.015434885979630053,64.78829848952135,False,llava_ov_7b,15000,2.0,196,rlt,0.7,7917,78400,0.10098214285714285,none,,,,,0.05555555555555555,0,16588876288,19894154240
54,1,0.015451699029654264,64.71780210582935,False,llava_ov_7b,15000,2.0,196,rlt,0.7,7917,78400,0.10098214285714285,none,,,,,0.05555555555555555,0,16588876288,19894154240
55,1,0.015542819979600608,64.33838912838623,False,llava_ov_7b,15000,2.0,196,rlt,0.7,7917,78400,0.10098214285714285,none,,,,,0.05555555555555555,0,16588876288,19894154240
56,1,0.015419650007970631,64.852315031994,False,llava_ov_7b,15000,2.0,196,rlt,0.7,7917,78400,0.10098214285714285,none,,,,,0.05555555555555555,0,16588876288,19894154240
57,1,0.01537344790995121,65.04721685450285,False,llava_ov_7b,15000,2.0,196,rlt,0.7,7917,78400,0.10098214285714285,none,,,,,0.05555555555555555,0,16588876288,19894154240
58,1,0.01815707702189684,55.074943989830125,False,llava_ov_7b,15000,2.0,196,rlt,0.7,7917,78400,0.10098214285714285,none,,,,,0.05555555555555555,0,16588876288,19894154240
59,1,0.015264148940332234,65.51298758345543,False,llava_ov_7b,15000,2.0,196,rlt,0.7,7917,78400,0.10098214285714285,none,,,,,0.05555555555555555,0,16588876288,19894154240
60,1,0.0704569680383429,14.193060357859807,False,llava_ov_7b,15000,2.0,196,rlt,0.7,7917,78400,0.10098214285714285,none,,,,,0.05555555555555555,0,16588876288,19894154240
61,1,0.01597199507523328,62.60958604668205,False,llava_ov_7b,15000,2.0,196,rlt,0.7,7917,78400,0.10098214285714285,none,,,,,0.05555555555555555,0,16588876288,19894154240
62,1,0.015757072949782014,63.463563517603326,False,llava_ov_7b,15000,2.0,196,rlt,0.7,7917,78400,0.10098214285714285,none,,,,,0.05555555555555555,0,16588876288,19894154240
63,1,0.015574714983813465,64.20663241923097,False,llava_ov_7b,15000,2.0,196,rlt,0.7,7917,78400,0.10098214285714285,none,,,,,0.05555555555555555,0,16588876288,19894154240
64,1,0.01537320390343666,65.04824929671629,False,llava_ov_7b,15000,2.0,196,rlt,0.7,7917,78400,0.10098214285714285,none,,,,,0.05555555555555555,0,16588876288,19894154240
65,1,0.015335303032770753,65.2090146417747,False,llava_ov_7b,15000,2.0,196,rlt,0.7,7917,78400,0.10098214285714285,none,,,,,0.05555555555555555,0,16588876288,19894154240
66,1,0.015355546027421951,65.12305053914716,False,llava_ov_7b,15000,2.0,196,rlt,0.7,7917,78400,0.10098214285714285,none,,,,,0.05555555555555555,0,16588876288,19894154240
67,1,0.015328334993682802,65.23865771540912,False,llava_ov_7b,15000,2.0,196,rlt,0.7,7917,78400,0.10098214285714285,none,,,,,0.05555555555555555,0,16588876288,19894154240
68,1,0.01532893895637244,65.23608730167766,False,llava_ov_7b,15000,2.0,196,rlt,0.7,7917,78400,0.10098214285714285,none,,,,,0.05555555555555555,0,16588876288,19894154240
69,1,0.01555814000312239,64.27503543478258,False,llava_ov_7b,15000,2.0,196,rlt,0.7,7917,78400,0.10098214285714285,none,,,,,0.05555555555555555,0,16588876288,19894154240
70,1,0.015646597021259367,63.911660704323026,False,llava_ov_7b,15000,2.0,196,rlt,0.7,7917,78400,0.10098214285714285,none,,,,,0.05555555555555555,0,16588876288,19894154240
71,1,0.015455881017260253,64.70029103376615,False,llava_ov_7b,15000,2.0,196,rlt,0.7,7917,78400,0.10098214285714285,none,,,,,0.05555555555555555,0,16588876288,19894154240
72,1,0.015651326975785196,63.892346096094,False,llava_ov_7b,15000,2.0,196,rlt,0.7,7917,78400,0.10098214285714285,none,,,,,0.05555555555555555,0,16588876288,19894154240
73,1,0.015405256999656558,64.91290603086296,False,llava_ov_7b,15000,2.0,196,rlt,0.7,7917,78400,0.10098214285714285,none,,,,,0.05555555555555555,0,16588876288,19894154240
74,1,0.015452906023710966,64.71274713413763,False,llava_ov_7b,15000,2.0,196,rlt,0.7,7917,78400,0.10098214285714285,none,,,,,0.05555555555555555,0,16588876288,19894154240
75,1,0.015401093987748027,64.93045239484456,False,llava_ov_7b,15000,2.0,196,rlt,0.7,7917,78400,0.10098214285714285,none,,,,,0.05555555555555555,0,16588876288,19894154240
76,1,0.015375806018710136,65.0372408954135,False,llava_ov_7b,15000,2.0,196,rlt,0.7,7917,78400,0.10098214285714285,none,,,,,0.05555555555555555,0,16588876288,19894154240
77,1,0.01536265597678721,65.0929111158245,False,llava_ov_7b,15000,2.0,196,rlt,0.7,7917,78400,0.10098214285714285,none,,,,,0.05555555555555555,0,16588876288,19894154240
78,1,0.015305906999856234,65.33425297889193,False,llava_ov_7b,15000,2.0,196,rlt,0.7,7917,78400,0.10098214285714285,none,,,,,0.05555555555555555,0,16588876288,19894154240
79,1,0.015277513070032,65.45567956093429,False,llava_ov_7b,15000,2.0,196,rlt,0.7,7917,78400,0.10098214285714285,none,,,,,0.05555555555555555,0,16588876288,19894154240
80,1,0.07310958602465689,13.678096873134265,False,llava_ov_7b,15000,2.0,196,rlt,0.7,7917,78400,0.10098214285714285,none,,,,,0.05555555555555555,0,16588876288,19894154240
81,1,0.01596267195418477,62.64615365586337,False,llava_ov_7b,15000,2.0,196,rlt,0.7,7917,78400,0.10098214285714285,none,,,,,0.05555555555555555,0,16588876288,19894154240
82,1,0.015612949035130441,64.04939885155049,False,llava_ov_7b,15000,2.0,196,rlt,0.7,7917,78400,0.10098214285714285,none,,,,,0.05555555555555555,0,16588876288,19894154240
83,1,0.015531632932834327,64.38473046101744,False,llava_ov_7b,15000,2.0,196,rlt,0.7,7917,78400,0.10098214285714285,none,,,,,0.05555555555555555,0,16588876288,19894154240
84,1,0.015387873980216682,64.98623534905754,False,llava_ov_7b,15000,2.0,196,rlt,0.7,7917,78400,0.10098214285714285,none,,,,,0.05555555555555555,0,16588876288,19894154240
85,1,0.015418092021718621,64.85886830817684,False,llava_ov_7b,15000,2.0,196,rlt,0.7,7917,78400,0.10098214285714285,none,,,,,0.05555555555555555,0,16588876288,19894154240
86,1,0.015402632998302579,64.92396463060591,False,llava_ov_7b,15000,2.0,196,rlt,0.7,7917,78400,0.10098214285714285,none,,,,,0.05555555555555555,0,16588876288,19894154240
87,1,0.01537141902372241,65.0558024901097,False,llava_ov_7b,15000,2.0,196,rlt,0.7,7917,78400,0.10098214285714285,none,,,,,0.05555555555555555,0,16588876288,19894154240
88,1,0.015343906939961016,65.17244948844434,False,llava_ov_7b,15000,2.0,196,rlt,0.7,7917,78400,0.10098214285714285,none,,,,,0.05555555555555555,0,16588876288,19894154240
89,1,0.015627700020559132,63.98894262651848,False,llava_ov_7b,15000,2.0,196,rlt,0.7,7917,78400,0.10098214285714285,none,,,,,0.05555555555555555,0,16588876288,19894154240
90,1,0.015527567942626774,64.40158585651834,False,llava_ov_7b,15000,2.0,196,rlt,0.7,7917,78400,0.10098214285714285,none,,,,,0.05555555555555555,0,16588876288,19894154240
91,1,0.015467212069779634,64.65289255028927,False,llava_ov_7b,15000,2.0,196,rlt,0.7,7917,78400,0.10098214285714285,none,,,,,0.05555555555555555,0,16588876288,19894154240
92,1,0.015355591080151498,65.12285947055409,False,llava_ov_7b,15000,2.0,196,rlt,0.7,7917,78400,0.10098214285714285,none,,,,,0.05555555555555555,0,16588876288,19894154240
93,1,0.015357870026491582,65.11319592333106,False,llava_ov_7b,15000,2.0,196,rlt,0.7,7917,78400,0.10098214285714285,none,,,,,0.05555555555555555,0,16588876288,19894154240
94,1,0.015441277995705605,64.76147895777224,False,llava_ov_7b,15000,2.0,196,rlt,0.7,7917,78400,0.10098214285714285,none,,,,,0.05555555555555555,0,16588876288,19894154240
95,1,0.015412904089316726,64.88069958815473,False,llava_ov_7b,15000,2.0,196,rlt,0.7,7917,78400,0.10098214285714285,none,,,,,0.05555555555555555,0,16588876288,19894154240
96,1,0.015366491978056729,65.07666170183766,False,llava_ov_7b,15000,2.0,196,rlt,0.7,7917,78400,0.10098214285714285,none,,,,,0.05555555555555555,0,16588876288,19894154240
97,1,0.015362386009655893,65.09405501016957,False,llava_ov_7b,15000,2.0,196,rlt,0.7,7917,78400,0.10098214285714285,none,,,,,0.05555555555555555,0,16588876288,19894154240
98,1,0.01531115302350372,65.31186766045171,False,llava_ov_7b,15000,2.0,196,rlt,0.7,7917,78400,0.10098214285714285,none,,,,,0.05555555555555555,0,16588876288,19894154240
99,1,0.06952819193247706,14.382655038277987,False,llava_ov_7b,15000,2.0,196,rlt,0.7,7917,78400,0.10098214285714285,none,,,,,0.05555555555555555,0,16588876288,19894154240
100,1,0.016071378020569682,62.22241793579273,False,llava_ov_7b,15000,2.0,196,rlt,0.7,7917,78400,0.10098214285714285,none,,,,,0.05555555555555555,0,16588876288,19894154240
101,1,0.01563898508902639,63.94276830033446,False,llava_ov_7b,15000,2.0,196,rlt,0.7,7917,78400,0.10098214285714285,none,,,,,0.05555555555555555,0,16588876288,19894154240
102,1,0.015468532918021083,64.64737188068976,False,llava_ov_7b,15000,2.0,196,rlt,0.7,7917,78400,0.10098214285714285,none,,,,,0.05555555555555555,0,16588876288,19894154240
103,1,0.01542252697981894,64.84021725548247,False,llava_ov_7b,15000,2.0,196,rlt,0.7,7917,78400,0.10098214285714285,none,,,,,0.05555555555555555,0,16588876288,19894154240
104,1,0.015438753995113075,64.77206647094295,False,llava_ov_7b,15000,2.0,196,rlt,0.7,7917,78400,0.10098214285714285,none,,,,,0.05555555555555555,0,16588876288,19894154240
105,1,0.015367547050118446,65.07219380807378,False,llava_ov_7b,15000,2.0,196,rlt,0.7,7917,78400,0.10098214285714285,none,,,,,0.05555555555555555,0,16588876288,19894154240
106,1,0.015261615975759923,65.52386074897333,False,llava_ov_7b,15000,2.0,196,rlt,0.7,7917,78400,0.10098214285714285,none,,,,,0.05555555555555555,0,16588876288,19894154240
107,1,0.015313553041778505,65.30163165085173,False,llava_ov_7b,15000,2.0,196,rlt,0.7,7917,78400,0.10098214285714285,none,,,,,0.05555555555555555,0,16588876288,19894154240
108,1,0.015308201895095408,65.32445853881701,False,llava_ov_7b,15000,2.0,196,rlt,0.7,7917,78400,0.10098214285714285,none,,,,,0.05555555555555555,0,16588876288,19894154240
109,1,0.015611766022630036,64.05425232164318,False,llava_ov_7b,15000,2.0,196,rlt,0.7,7917,78400,0.10098214285714285,none,,,,,0.05555555555555555,0,16588876288,19894154240
110,1,0.015313624986447394,65.30132485841877,False,llava_ov_7b,15000,2.0,196,rlt,0.7,7917,78400,0.10098214285714285,none,,,,,0.05555555555555555,0,16588876288,19894154240
111,1,0.015499486005865037,64.51826851687842,False,llava_ov_7b,15000,2.0,196,rlt,0.7,7917,78400,0.10098214285714285,none,,,,,0.05555555555555555,0,16588876288,19894154240
112,1,0.015550274983979762,64.30754446659125,False,llava_ov_7b,15000,2.0,196,rlt,0.7,7917,78400,0.10098214285714285,none,,,,,0.05555555555555555,0,16588876288,19894154240
113,1,0.0153909579385072,64.97321375286613,False,llava_ov_7b,15000,2.0,196,rlt,0.7,7917,78400,0.10098214285714285,none,,,,,0.05555555555555555,0,16588876288,19894154240
114,1,0.015289520961232483,65.4042728045935,False,llava_ov_7b,15000,2.0,196,rlt,0.7,7917,78400,0.10098214285714285,none,,,,,0.05555555555555555,0,16588876288,19894154240
115,1,0.06935977993998677,14.417577461538164,False,llava_ov_7b,15000,2.0,196,rlt,0.7,7917,78400,0.10098214285714285,none,,,,,0.05555555555555555,0,16588876288,19894154240
116,1,0.015365814906544983,65.07952920700974,False,llava_ov_7b,15000,2.0,196,rlt,0.7,7917,78400,0.10098214285714285,none,,,,,0.05555555555555555,0,16588876288,19894154240
117,1,0.015370615990832448,65.05920130959186,False,llava_ov_7b,15000,2.0,196,rlt,0.7,7917,78400,0.10098214285714285,none,,,,,0.05555555555555555,0,16588876288,19894154240
118,1,0.015669935033656657,63.816473894253605,False,llava_ov_7b,15000,2.0,196,rlt,0.7,7917,78400,0.10098214285714285,none,,,,,0.05555555555555555,0,16588876288,19894154240
119,1,0.015607777051627636,64.07062304210172,False,llava_ov_7b,15000,2.0,196,rlt,0.7,7917,78400,0.10098214285714285,none,,,,,0.05555555555555555,0,16588876288,19894154240
120,1,0.015511460020206869,64.46846387750053,False,llava_ov_7b,15000,2.0,196,rlt,0.7,7917,78400,0.10098214285714285,none,,,,,0.05555555555555555,0,16588876288,19894154240
121,1,0.015380209079012275,65.01862197469038,False,llava_ov_7b,15000,2.0,196,rlt,0.7,7917,78400,0.10098214285714285,none,,,,,0.05555555555555555,0,16588876288,19894154240
122,1,0.06892937293741852,14.50760332475253,False,llava_ov_7b,15000,2.0,196,rlt,0.7,7917,78400,0.10098214285714285,none,,,,,0.05555555555555555,0,16588876288,19894154240
123,1,0.015790737932547927,63.32826269878093,False,llava_ov_7b,15000,2.0,196,rlt,0.7,7917,78400,0.10098214285714285,none,,,,,0.05555555555555555,0,16588876288,19894154240
124,1,0.015481267939321697,64.59419240849432,False,llava_ov_7b,15000,2.0,196,rlt,0.7,7917,78400,0.10098214285714285,none,,,,,0.05555555555555555,0,16588876288,19894154240
125,1,0.015500929090194404,64.51226208321805,False,llava_ov_7b,15000,2.0,196,rlt,0.7,7917,78400,0.10098214285714285,none,,,,,0.05555555555555555,0,16588876288,19894154240
126,1,0.015666062012314796,63.83225083712287,False,llava_ov_7b,15000,2.0,196,rlt,0.7,7917,78400,0.10098214285714285,none,,,,,0.05555555555555555,0,16588876288,19894154240
127,1,0.015626538079231977,63.99370064755562,False,llava_ov_7b,15000,2.0,196,rlt,0.7,7917,78400,0.10098214285714285,none,,,,,0.05555555555555555,0,16588876288,19894154240
128,1,0.015566310961730778,64.241296634666,False,llava_ov_7b,15000,2.0,196,rlt,0.7,7917,78400,0.10098214285714285,none,,,,,0.05555555555555555,0,16588876288,19894154240
129,1,0.015499247005209327,64.51926339801527,False,llava_ov_7b,15000,2.0,196,rlt,0.7,7917,78400,0.10098214285714285,none,,,,,0.05555555555555555,0,16588876288,19894154240
130,1,0.015324412030167878,65.25535844581732,False,llava_ov_7b,15000,2.0,196,rlt,0.7,7917,78400,0.10098214285714285,none,,,,,0.05555555555555555,0,16588876288,19894154240
131,1,0.015308090951293707,65.32493197105605,False,llava_ov_7b,15000,2.0,196,rlt,0.7,7917,78400,0.10098214285714285,none,,,,,0.05555555555555555,0,16588876288,19894154240
132,1,0.015330489026382565,65.22949126274307,False,llava_ov_7b,15000,2.0,196,rlt,0.7,7917,78400,0.10098214285714285,none,,,,,0.05555555555555555,0,16588876288,19894154240
133,1,0.06915650598239154,14.459955513869044,False,llava_ov_7b,15000,2.0,196,rlt,0.7,7917,78400,0.10098214285714285,none,,,,,0.05555555555555555,0,16588876288,19894154240
134,1,0.015558848972432315,64.27210661738752,False,llava_ov_7b,15000,2.0,196,rlt,0.7,7917,78400,0.10098214285714285,none,,,,,0.05555555555555555,0,16588876288,19894154240
135,1,0.015656310017220676,63.87201063980471,False,llava_ov_7b,15000,2.0,196,rlt,0.7,7917,78400,0.10098214285714285,none,,,,,0.05555555555555555,0,16588876288,19894154240
136,1,0.015590965980663896,64.13970765122649,False,llava_ov_7b,15000,2.0,196,rlt,0.7,7917,78400,0.10098214285714285,none,,,,,0.05555555555555555,0,16588876288,19894154240
137,1,0.015540066990070045,64.34978695001705,False,llava_ov_7b,15000,2.0,196,rlt,0.7,7917,78400,0.10098214285714285,none,,,,,0.05555555555555555,0,16588876288,19894154240
138,1,0.01552531193010509,64.41094417310242,False,llava_ov_7b,15000,2.0,196,rlt,0.7,7917,78400,0.10098214285714285,none,,,,,0.05555555555555555,0,16588876288,19894154240
139,1,0.015318759018555284,65.27943933243688,False,llava_ov_7b,15000,2.0,196,rlt,0.7,7917,78400,0.10098214285714285,none,,,,,0.05555555555555555,0,16588876288,19894154240
140,1,0.0153298769146204,65.2320958328296,False,llava_ov_7b,15000,2.0,196,rlt,0.7,7917,78400,0.10098214285714285,none,,,,,0.05555555555555555,0,16588876288,19894154240
141,1,0.015313009964302182,65.30394757994728,False,llava_ov_7b,15000,2.0,196,rlt,0.7,7917,78400,0.10098214285714285,none,,,,,0.05555555555555555,0,16588876288,19894154240
142,1,0.01546932093333453,64.64407870969437,False,llava_ov_7b,15000,2.0,196,rlt,0.7,7917,78400,0.10098214285714285,none,,,,,0.05555555555555555,0,16588876288,19894154240
143,1,0.015437299036420882,64.77817120991968,False,llava_ov_7b,15000,2.0,196,rlt,0.7,7917,78400,0.10098214285714285,none,,,,,0.05555555555555555,0,16588876288,19894154240
144,1,0.015313753043301404,65.30077879487703,False,llava_ov_7b,15000,2.0,196,rlt,0.7,7917,78400,0.10098214285714285,none,,,,,0.05555555555555555,0,16588876288,19894154240
145,1,0.015341536025516689,65.18252138095937,False,llava_ov_7b,15000,2.0,196,rlt,0.7,7917,78400,0.10098214285714285,none,,,,,0.05555555555555555,0,16588876288,19894154240
146,1,0.07055791898164898,14.172753596376396,False,llava_ov_7b,15000,2.0,196,rlt,0.7,7917,78400,0.10098214285714285,none,,,,,0.05555555555555555,0,16588876288,19894154240
147,1,0.015729171922430396,63.576137696985946,False,llava_ov_7b,15000,2.0,196,rlt,0.7,7917,78400,0.10098214285714285,none,,,,,0.05555555555555555,0,16588876288,19894154240
148,1,0.015403717057779431,64.91939551012229,False,llava_ov_7b,15000,2.0,196,rlt,0.7,7917,78400,0.10098214285714285,none,,,,,0.05555555555555555,0,16588876288,19894154240
149,1,0.015350742032751441,65.14343071276025,False,llava_ov_7b,15000,2.0,196,rlt,0.7,7917,78400,0.10098214285714285,none,,,,,0.05555555555555555,0,16588876288,19894154240
150,1,0.015231119003146887,65.65505789780718,False,llava_ov_7b,15000,2.0,196,rlt,0.7,7917,78400,0.10098214285714285,none,,,,,0.05555555555555555,0,16588876288,19894154240
151,1,0.015200900030322373,65.785578354257,False,llava_ov_7b,15000,2.0,196,rlt,0.7,7917,78400,0.10098214285714285,none,,,,,0.05555555555555555,0,16588876288,19894154240
152,1,0.01518116204533726,65.8711103282861,False,llava_ov_7b,15000,2.0,196,rlt,0.7,7917,78400,0.10098214285714285,none,,,,,0.05555555555555555,0,16588876288,19894154240
153,1,0.015202075941488147,65.78048970738854,False,llava_ov_7b,15000,2.0,196,rlt,0.7,7917,78400,0.10098214285714285,none,,,,,0.05555555555555555,0,16588876288,19894154240
154,1,0.01524059206712991,65.61424881627443,False,llava_ov_7b,15000,2.0,196,rlt,0.7,7917,78400,0.10098214285714285,none,,,,,0.05555555555555555,0,16588876288,19894154240
155,1,0.015419794013723731,64.8517093749756,False,llava_ov_7b,15000,2.0,196,rlt,0.7,7917,78400,0.10098214285714285,none,,,,,0.05555555555555555,0,16588876288,19894154240
156,1,0.07101286400575191,14.081955628757656,False,llava_ov_7b,15000,2.0,196,rlt,0.7,7917,78400,0.10098214285714285,none,,,,,0.05555555555555555,0,16588876288,19894154240
157,1,0.016100437962450087,62.11011168343553,False,llava_ov_7b,15000,2.0,196,rlt,0.7,7917,78400,0.10098214285714285,none,,,,,0.05555555555555555,0,16588876288,19894154240
158,1,0.01613894710317254,61.96191074964384,False,llava_ov_7b,15000,2.0,196,rlt,0.7,7917,78400,0.10098214285714285,none,,,,,0.05555555555555555,0,16588876288,19894154240
159,1,0.01602261804509908,62.41177298149943,False,llava_ov_7b,15000,2.0,196,rlt,0.7,7917,78400,0.10098214285714285,none,,,,,0.05555555555555555,0,16588876288,19894154240
160,1,0.01605173503048718,62.298561376741674,False,llava_ov_7b,15000,2.0,196,rlt,0.7,7917,78400,0.10098214285714285,none,,,,,0.05555555555555555,0,16588876288,19894154240
161,1,0.01609914202708751,62.115111371615725,False,llava_ov_7b,15000,2.0,196,rlt,0.7,7917,78400,0.10098214285714285,none,,,,,0.05555555555555555,0,16588876288,19894154240
162,1,0.016140814987011254,61.954740253494904,False,llava_ov_7b,15000,2.0,196,rlt,0.7,7917,78400,0.10098214285714285,none,,,,,0.05555555555555555,0,16588876288,19894154240
163,1,0.01601267803926021,62.45051561944727,False,llava_ov_7b,15000,2.0,196,rlt,0.7,7917,78400,0.10098214285714285,none,,,,,0.05555555555555555,0,16588876288,19894154240
164,1,0.016076849889941514,62.20124009652229,False,llava_ov_7b,15000,2.0,196,rlt,0.7,7917,78400,0.10098214285714285,none,,,,,0.05555555555555555,0,16588876288,19894154240
165,1,0.01608911796938628,62.153811159987725,False,llava_ov_7b,15000,2.0,196,rlt,0.7,7917,78400,0.10098214285714285,none,,,,,0.05555555555555555,0,16588876288,19894154240
166,1,0.016057095024734735,62.27776558957744,False,llava_ov_7b,15000,2.0,196,rlt,0.7,7917,78400,0.10098214285714285,none,,,,,0.05555555555555555,0,16588876288,19894154240
167,1,0.016096552019007504,62.12510597419602,False,llava_ov_7b,15000,2.0,196,rlt,0.7,7917,78400,0.10098214285714285,none,,,,,0.05555555555555555,0,16588876288,19894154240
168,1,0.07144445809535682,13.996886905703747,False,llava_ov_7b,15000,2.0,196,rlt,0.7,7917,78400,0.10098214285714285,none,,,,,0.05555555555555555,0,16588876288,19894154240
169,1,0.01602434297092259,62.405054722966014,False,llava_ov_7b,15000,2.0,196,rlt,0.7,7917,78400,0.10098214285714285,none,,,,,0.05555555555555555,0,16588876288,19894154240
170,1,0.015579398022964597,64.18733243261157,False,llava_ov_7b,15000,2.0,196,rlt,0.7,7917,78400,0.10098214285714285,none,,,,,0.05555555555555555,0,16588876288,19894154240
171,1,0.015473825973458588,64.62525827259823,False,llava_ov_7b,15000,2.0,196,rlt,0.7,7917,78400,0.10098214285714285,none,,,,,0.05555555555555555,0,16588876288,19894154240
172,1,0.015339761041104794,65.1900637383057,False,llava_ov_7b,15000,2.0,196,rlt,0.7,7917,78400,0.10098214285714285,none,,,,,0.05555555555555555,0,16588876288,19894154240
173,1,0.015520778018981218,64.42975982112782,False,llava_ov_7b,15000,2.0,196,rlt,0.7,7917,78400,0.10098214285714285,none,,,,,0.05555555555555555,0,16588876288,19894154240
174,1,0.07207610504701734,13.874223632751395,False,llava_ov_7b,15000,2.0,196,rlt,0.7,7917,78400,0.10098214285714285,none,,,,,0.05555555555555555,0,16588876288,19894154240
175,1,0.015661255922168493,63.85183953124098,False,llava_ov_7b,15000,2.0,196,rlt,0.7,7917,78400,0.10098214285714285,none,,,,,0.05555555555555555,0,16588876288,19894154240
176,1,0.015367420972324908,65.0727276750532,False,llava_ov_7b,15000,2.0,196,rlt,0.7,7917,78400,0.10098214285714285,none,,,,,0.05555555555555555,0,16588876288,19894154240
177,1,0.015399446012452245,64.93740094230556,False,llava_ov_7b,15000,2.0,196,rlt,0.7,7917,78400,0.10098214285714285,none,,,,,0.05555555555555555,0,16588876288,19894154240
178,1,0.015282863983884454,65.43276188641636,False,llava_ov_7b,15000,2.0,196,rlt,0.7,7917,78400,0.10098214285714285,none,,,,,0.05555555555555555,0,16588876288,19894154240
179,1,0.015284991008229554,65.42365641311746,False,llava_ov_7b,15000,2.0,196,rlt,0.7,7917,78400,0.10098214285714285,none,,,,,0.05555555555555555,0,16588876288,19894154240
180,1,0.07285379292443395,13.726121315841837,False,llava_ov_7b,15000,2.0,196,rlt,0.7,7917,78400,0.10098214285714285,none,,,,,0.05555555555555555,0,16588876288,19894154240
181,1,0.015922500053420663,62.804207671217306,False,llava_ov_7b,15000,2.0,196,rlt,0.7,7917,78400,0.10098214285714285,none,,,,,0.05555555555555555,0,16588876288,19894154240
182,1,0.01560047292150557,64.10062086140219,False,llava_ov_7b,15000,2.0,196,rlt,0.7,7917,78400,0.10098214285714285,none,,,,,0.05555555555555555,0,16588876288,19894154240
183,1,0.015429924940690398,64.80912926302646,False,llava_ov_7b,15000,2.0,196,rlt,0.7,7917,78400,0.10098214285714285,none,,,,,0.05555555555555555,0,16588876288,19894154240
184,1,0.01549251505639404,64.5472988962681,False,llava_ov_7b,15000,2.0,196,rlt,0.7,7917,78400,0.10098214285714285,none,,,,,0.05555555555555555,0,16588876288,19894154240
185,1,0.015288256108760834,65.40968393556389,False,llava_ov_7b,15000,2.0,196,rlt,0.7,7917,78400,0.10098214285714285,none,,,,,0.05555555555555555,0,16588876288,19894154240
186,1,0.015314259100705385,65.29862094039791,False,llava_ov_7b,15000,2.0,196,rlt,0.7,7917,78400,0.10098214285714285,none,,,,,0.05555555555555555,0,16588876288,19894154240
187,1,0.015289540984667838,65.4041871500778,False,llava_ov_7b,15000,2.0,196,rlt,0.7,7917,78400,0.10098214285714285,none,,,,,0.05555555555555555,0,16588876288,19894154240
188,1,0.015564100001938641,64.25042243852465,False,llava_ov_7b,15000,2.0,196,rlt,0.7,7917,78400,0.10098214285714285,none,,,,,0.05555555555555555,0,16588876288,19894154240
189,1,0.07401666999794543,13.510470006658746,False,llava_ov_7b,15000,2.0,196,rlt,0.7,7917,78400,0.10098214285714285,none,,,,,0.05555555555555555,0,16588876288,19894154240
190,1,0.015993203036487103,62.52656192249838,False,llava_ov_7b,15000,2.0,196,rlt,0.7,7917,78400,0.10098214285714285,none,,,,,0.05555555555555555,0,16588876288,19894154240
191,1,0.015616534976288676,64.03469153165842,False,llava_ov_7b,15000,2.0,196,rlt,0.7,7917,78400,0.10098214285714285,none,,,,,0.05555555555555555,0,16588876288,19894154240
192,1,0.015412792912684381,64.88116759014017,False,llava_ov_7b,15000,2.0,196,rlt,0.7,7917,78400,0.10098214285714285,none,,,,,0.05555555555555555,0,16588876288,19894154240
193,1,0.015391055028885603,64.97280388662254,False,llava_ov_7b,15000,2.0,196,rlt,0.7,7917,78400,0.10098214285714285,none,,,,,0.05555555555555555,0,16588876288,19894154240
194,1,0.015299463062547147,65.3617709269801,False,llava_ov_7b,15000,2.0,196,rlt,0.7,7917,78400,0.10098214285714285,none,,,,,0.05555555555555555,0,16588876288,19894154240
195,1,0.015259535051882267,65.53279615663321,False,llava_ov_7b,15000,2.0,196,rlt,0.7,7917,78400,0.10098214285714285,none,,,,,0.05555555555555555,0,16588876288,19894154240
196,1,0.07420542393811047,13.476103860467527,False,llava_ov_7b,15000,2.0,196,rlt,0.7,7917,78400,0.10098214285714285,none,,,,,0.05555555555555555,0,16588876288,19894154240
197,1,0.016420572996139526,60.89921467631488,False,llava_ov_7b,15000,2.0,196,rlt,0.7,7917,78400,0.10098214285714285,none,,,,,0.05555555555555555,0,16588876288,19894154240
198,1,0.0156198360491544,64.02115853540833,False,llava_ov_7b,15000,2.0,196,rlt,0.7,7917,78400,0.10098214285714285,none,,,,,0.05555555555555555,0,16588876288,19894154240
199,1,0.015521183027885854,64.42807859448394,False,llava_ov_7b,15000,2.0,196,rlt,0.7,7917,78400,0.10098214285714285,none,,,,,0.05555555555555555,0,16588876288,19894154240
200,1,0.015503442962653935,64.50180146493192,False,llava_ov_7b,15000,2.0,196,rlt,0.7,7917,78400,0.10098214285714285,none,,,,,0.05555555555555555,0,16588876288,19894154240
201,1,0.015466736047528684,64.65488238287888,False,llava_ov_7b,15000,2.0,196,rlt,0.7,7917,78400,0.10098214285714285,none,,,,,0.05555555555555555,0,16588876288,19894154240
202,1,0.015605287975631654,64.0808424401744,False,llava_ov_7b,15000,2.0,196,rlt,0.7,7917,78400,0.10098214285714285,none,,,,,0.05555555555555555,0,16588876288,19894154240
203,1,0.015489508979953825,64.55982570488048,False,llava_ov_7b,15000,2.0,196,rlt,0.7,7917,78400,0.10098214285714285,none,,,,,0.05555555555555555,0,16588876288,19894154240
204,1,0.015388693078421056,64.98277630881206,False,llava_ov_7b,15000,2.0,196,rlt,0.7,7917,78400,0.10098214285714285,none,,,,,0.05555555555555555,0,16588876288,19894154240
205,1,0.015520298038609326,64.43175237436378,False,llava_ov_7b,15000,2.0,196,rlt,0.7,7917,78400,0.10098214285714285,none,,,,,0.05555555555555555,0,16588876288,19894154240
206,1,0.015652711037546396,63.88669653463127,False,llava_ov_7b,15000,2.0,196,rlt,0.7,7917,78400,0.10098214285714285,none,,,,,0.05555555555555555,0,16588876288,19894154240
207,1,0.015457117930054665,64.69511357324964,False,llava_ov_7b,15000,2.0,196,rlt,0.7,7917,78400,0.10098214285714285,none,,,,,0.05555555555555555,0,16588876288,19894154240
208,1,0.015315253054723144,65.29438308507774,False,llava_ov_7b,15000,2.0,196,rlt,0.7,7917,78400,0.10098214285714285,none,,,,,0.05555555555555555,0,16588876288,19894154240
209,1,0.07547518704086542,13.249387503452734,False,llava_ov_7b,15000,2.0,196,rlt,0.7,7917,78400,0.10098214285714285,none,,,,,0.05555555555555555,0,16588876288,19894154240
210,1,0.01657927001360804,60.31628649386937,False,llava_ov_7b,15000,2.0,196,rlt,0.7,7917,78400,0.10098214285714285,none,,,,,0.05555555555555555,0,16588876288,19894154240
211,1,0.01608105597551912,62.184971031898826,False,llava_ov_7b,15000,2.0,196,rlt,0.7,7917,78400,0.10098214285714285,none,,,,,0.05555555555555555,0,16588876288,19894154240
212,1,0.015463953954167664,64.66651433157506,False,llava_ov_7b,15000,2.0,196,rlt,0.7,7917,78400,0.10098214285714285,none,,,,,0.05555555555555555,0,16588876288,19894154240
213,1,0.01534474000800401,65.16891126720866,False,llava_ov_7b,15000,2.0,196,rlt,0.7,7917,78400,0.10098214285714285,none,,,,,0.05555555555555555,0,16588876288,19894154240
214,1,0.015610057977028191,64.06126110944642,False,llava_ov_7b,15000,2.0,196,rlt,0.7,7917,78400,0.10098214285714285,none,,,,,0.05555555555555555,0,16588876288,19894154240
215,1,0.01552353601437062,64.41831288143815,False,llava_ov_7b,15000,2.0,196,rlt,0.7,7917,78400,0.10098214285714285,none,,,,,0.05555555555555555,0,16588876288,19894154240
216,1,0.07679850503336638,13.021086798050735,False,llava_ov_7b,15000,2.0,196,rlt,0.7,7917,78400,0.10098214285714285,none,,,,,0.05555555555555555,0,16588876288,19894154240
217,1,0.017109679989516735,58.44644672563774,False,llava_ov_7b,15000,2.0,196,rlt,0.7,7917,78400,0.10098214285714285,none,,,,,0.05555555555555555,0,16588876288,19894154240
218,1,0.01621944399084896,61.65439459972869,False,llava_ov_7b,15000,2.0,196,rlt,0.7,7917,78400,0.10098214285714285,none,,,,,0.05555555555555555,0,16588876288,19894154240
219,1,0.016085495939478278,62.16780656079879,False,llava_ov_7b,15000,2.0,196,rlt,0.7,7917,78400,0.10098214285714285,none,,,,,0.05555555555555555,0,16588876288,19894154240
220,1,0.016075299005024135,62.20724104027318,False,llava_ov_7b,15000,2.0,196,rlt,0.7,7917,78400,0.10098214285714285,none,,,,,0.05555555555555555,0,16588876288,19894154240
221,1,0.016271624015644193,61.45668060167564,False,llava_ov_7b,15000,2.0,196,rlt,0.7,7917,78400,0.10098214285714285,none,,,,,0.05555555555555555,0,16588876288,19894154240
222,1,0.01595397701021284,62.68029591366819,False,llava_ov_7b,15000,2.0,196,rlt,0.7,7917,78400,0.10098214285714285,none,,,,,0.05555555555555555,0,16588876288,19894154240
223,1,0.07737099495716393,12.92474008578596,False,llava_ov_7b,15000,2.0,196,rlt,0.7,7917,78400,0.10098214285714285,none,,,,,0.05555555555555555,0,16588876288,19894154240
224,1,0.015646792016923428,63.910864215387356,False,llava_ov_7b,15000,2.0,196,rlt,0.7,7917,78400,0.10098214285714285,none,,,,,0.05555555555555555,0,16588876288,19894154240
225,1,0.015527914045378566,64.40015040511003,False,llava_ov_7b,15000,2.0,196,rlt,0.7,7917,78400,0.10098214285714285,none,,,,,0.05555555555555555,0,16588876288,19894154240
226,1,0.015447195968590677,64.73666819747318,False,llava_ov_7b,15000,2.0,196,rlt,0.7,7917,78400,0.10098214285714285,none,,,,,0.05555555555555555,0,16588876288,19894154240
227,1,0.01531428296584636,65.2985191817457,False,llava_ov_7b,15000,2.0,196,rlt,0.7,7917,78400,0.10098214285714285,none,,,,,0.05555555555555555,0,16588876288,19894154240
228,1,0.01532600203063339,65.24858850998548,False,llava_ov_7b,15000,2.0,196,rlt,0.7,7917,78400,0.10098214285714285,none,,,,,0.05555555555555555,0,16588876288,19894154240
229,1,0.015386848011985421,64.9905685180656,False,llava_ov_7b,15000,2.0,196,rlt,0.7,7917,78400,0.10098214285714285,none,,,,,0.05555555555555555,0,16588876288,19894154240
230,1,0.015753664076328278,63.477296148685625,False,llava_ov_7b,15000,2.0,196,rlt,0.7,7917,78400,0.10098214285714285,none,,,,,0.05555555555555555,0,16588876288,19894154240
231,1,0.01556150906253606,64.26111991975603,False,llava_ov_7b,15000,2.0,196,rlt,0.7,7917,78400,0.10098214285714285,none,,,,,0.05555555555555555,0,16588876288,19894154240
232,1,0.07831574289593846,12.768824798466683,False,llava_ov_7b,15000,2.0,196,rlt,0.7,7917,78400,0.10098214285714285,none,,,,,0.05555555555555555,0,16588876288,19894154240
233,1,0.016170286922715604,61.841821655942645,False,llava_ov_7b,15000,2.0,196,rlt,0.7,7917,78400,0.10098214285714285,none,,,,,0.05555555555555555,0,16588876288,19894154240
234,1,0.01571380696259439,63.638302441949904,False,llava_ov_7b,15000,2.0,196,rlt,0.7,7917,78400,0.10098214285714285,none,,,,,0.05555555555555555,0,16588876288,19894154240
235,1,0.0154954819008708,64.53494033920965,False,llava_ov_7b,15000,2.0,196,rlt,0.7,7917,78400,0.10098214285714285,none,,,,,0.05555555555555555,0,16588876288,19894154240
236,1,0.01556163199711591,64.2606122664598,False,llava_ov_7b,15000,2.0,196,rlt,0.7,7917,78400,0.10098214285714285,none,,,,,0.05555555555555555,0,16588876288,19894154240
237,1,0.07958885899279267,12.564572638119577,False,llava_ov_7b,15000,2.0,196,rlt,0.7,7917,78400,0.10098214285714285,none,,,,,0.05555555555555555,0,16588876288,19894154240
238,1,0.015818041982129216,63.218949673402825,False,llava_ov_7b,15000,2.0,196,rlt,0.7,7917,78400,0.10098214285714285,none,,,,,0.05555555555555555,0,16588876288,19894154240
239,1,0.015631721005775034,63.97248259680151,False,llava_ov_7b,15000,2.0,196,rlt,0.7,7917,78400,0.10098214285714285,none,,,,,0.05555555555555555,0,16588876288,19894154240
240,1,0.015438423957675695,64.7734511464053,False,llava_ov_7b,15000,2.0,196,rlt,0.7,7917,78400,0.10098214285714285,none,,,,,0.05555555555555555,0,16588876288,19894154240
241,1,0.015299658058211207,65.36093788470703,False,llava_ov_7b,15000,2.0,196,rlt,0.7,7917,78400,0.10098214285714285,none,,,,,0.05555555555555555,0,16588876288,19894154240
242,1,0.015326427994295955,65.24677507193265,False,llava_ov_7b,15000,2.0,196,rlt,0.7,7917,78400,0.10098214285714285,none,,,,,0.05555555555555555,0,16588876288,19894154240
243,1,0.015381298027932644,65.01401885484479,False,llava_ov_7b,15000,2.0,196,rlt,0.7,7917,78400,0.10098214285714285,none,,,,,0.05555555555555555,0,16588876288,19894154240
244,1,0.015309130074456334,65.3204979732013,False,llava_ov_7b,15000,2.0,196,rlt,0.7,7917,78400,0.10098214285714285,none,,,,,0.05555555555555555,0,16588876288,19894154240
245,1,0.01591689500492066,62.82632383331378,False,llava_ov_7b,15000,2.0,196,rlt,0.7,7917,78400,0.10098214285714285,none,,,,,0.05555555555555555,0,16588876288,19894154240
246,1,0.015415613073855639,64.86929810764168,False,llava_ov_7b,15000,2.0,196,rlt,0.7,7917,78400,0.10098214285714285,none,,,,,0.05555555555555555,0,16588876288,19894154240
247,1,0.015316746896132827,65.28801492779645,False,llava_ov_7b,15000,2.0,196,rlt,0.7,7917,78400,0.10098214285714285,none,,,,,0.05555555555555555,0,16588876288,19894154240
248,1,0.07989223604090512,12.51686083098233,False,llava_ov_7b,15000,2.0,196,rlt,0.7,7917,78400,0.10098214285714285,none,,,,,0.05555555555555555,0,16588876288,19894154240
249,1,0.015455726068466902,64.70093967569865,False,llava_ov_7b,15000,2.0,196,rlt,0.7,7917,78400,0.10098214285714285,none,,,,,0.05555555555555555,0,16588876288,19894154240
250,1,0.01863863703329116,53.651991731684184,False,llava_ov_7b,15000,2.0,196,rlt,0.7,7917,78400,0.10098214285714285,none,,,,,0.05555555555555555,0,16588876288,19894154240
251,1,0.015364808961749077,65.08379000933334,False,llava_ov_7b,15000,2.0,196,rlt,0.7,7917,78400,0.10098214285714285,none,,,,,0.05555555555555555,0,16588876288,19894154240
252,1,0.015291630988940597,65.3952479446589,False,llava_ov_7b,15000,2.0,196,rlt,0.7,7917,78400,0.10098214285714285,none,,,,,0.05555555555555555,0,16588876288,19894154240
253,1,0.015309159993194044,65.32037031715441,False,llava_ov_7b,15000,2.0,196,rlt,0.7,7917,78400,0.10098214285714285,none,,,,,0.05555555555555555,0,16588876288,19894154240
254,1,0.015225304989144206,65.68012927905286,False,llava_ov_7b,15000,2.0,196,rlt,0.7,7917,78400,0.10098214285714285,none,,,,,0.05555555555555555,0,16588876288,19894154240
255,1,0.0151551419403404,65.98420548857881,False,llava_ov_7b,15000,2.0,196,rlt,0.7,7917,78400,0.10098214285714285,none,,,,,0.05555555555555555,0,16588876288,19894154240
256,1,0.015232961974106729,65.6471145729779,False,llava_ov_7b,15000,2.0,196,rlt,0.7,7917,78400,0.10098214285714285,none,,,,,0.05555555555555555,0,16588876288,19894154240
257,1,0.01530218101106584,65.35016147546847,False,llava_ov_7b,15000,2.0,196,rlt,0.7,7917,78400,0.10098214285714285,none,,,,,0.05555555555555555,0,16588876288,19894154240
258,1,0.08043375192210078,12.432591742935095,False,llava_ov_7b,15000,2.0,196,rlt,0.7,7917,78400,0.10098214285714285,none,,,,,0.05555555555555555,0,16588876288,19894154240
259,1,0.015484265983104706,64.58168576354389,False,llava_ov_7b,15000,2.0,196,rlt,0.7,7917,78400,0.10098214285714285,none,,,,,0.05555555555555555,0,16588876288,19894154240
260,1,0.01544306194409728,64.75399785482469,False,llava_ov_7b,15000,2.0,196,rlt,0.7,7917,78400,0.10098214285714285,none,,,,,0.05555555555555555,0,16588876288,19894154240
261,1,0.015309556038118899,65.31868053587732,False,llava_ov_7b,15000,2.0,196,rlt,0.7,7917,78400,0.10098214285714285,none,,,,,0.05555555555555555,0,16588876288,19894154240
262,1,0.015296705067157745,65.3735556519956,False,llava_ov_7b,15000,2.0,196,rlt,0.7,7917,78400,0.10098214285714285,none,,,,,0.05555555555555555,0,16588876288,19894154240
263,1,0.015285048983059824,65.42340826701204,False,llava_ov_7b,15000,2.0,196,rlt,0.7,7917,78400,0.10098214285714285,none,,,,,0.05555555555555555,0,16588876288,19894154240
264,1,0.015330989961512387,65.22735991025012,False,llava_ov_7b,15000,2.0,196,rlt,0.7,7917,78400,0.10098214285714285,none,,,,,0.05555555555555555,0,16588876288,19894154240
265,1,0.08118404098786414,12.31769184967629,False,llava_ov_7b,15000,2.0,196,rlt,0.7,7917,78400,0.10098214285714285,none,,,,,0.05555555555555555,0,16588876288,19894154240
266,1,0.01584552600979805,63.10929655359197,False,llava_ov_7b,15000,2.0,196,rlt,0.7,7917,78400,0.10098214285714285,none,,,,,0.05555555555555555,0,16588876288,19894154240
267,1,0.015673327026888728,63.80266284780682,False,llava_ov_7b,15000,2.0,196,rlt,0.7,7917,78400,0.10098214285714285,none,,,,,0.05555555555555555,0,16588876288,19894154240
268,1,0.01572393300011754,63.59732008477299,False,llava_ov_7b,15000,2.0,196,rlt,0.7,7917,78400,0.10098214285714285,none,,,,,0.05555555555555555,0,16588876288,19894154240
269,1,0.0158196440897882,63.212547281358496,False,llava_ov_7b,15000,2.0,196,rlt,0.7,7917,78400,0.10098214285714285,none,,,,,0.05555555555555555,0,16588876288,19894154240
270,1,0.015540302032604814,64.34881367826178,False,llava_ov_7b,15000,2.0,196,rlt,0.7,7917,78400,0.10098214285714285,none,,,,,0.05555555555555555,0,16588876288,19894154240
271,1,0.019610845018178225,50.99219330289197,False,llava_ov_7b,15000,2.0,196,rlt,0.7,7917,78400,0.10098214285714285,none,,,,,0.05555555555555555,0,16588876288,19894154240
272,1,0.015440076007507741,64.7665205478101,False,llava_ov_7b,15000,2.0,196,rlt,0.7,7917,78400,0.10098214285714285,none,,,,,0.05555555555555555,0,16588876288,19894154240
273,1,0.08214404596947134,12.173736856979847,False,llava_ov_7b,15000,2.0,196,rlt,0.7,7917,78400,0.10098214285714285,none,,,,,0.05555555555555555,0,16588876288,19894154240
274,1,0.015537992003373802,64.3583803996596,False,llava_ov_7b,15000,2.0,196,rlt,0.7,7917,78400,0.10098214285714285,none,,,,,0.05555555555555555,0,16588876288,19894154240
275,1,0.015609609079547226,64.06310336818544,False,llava_ov_7b,15000,2.0,196,rlt,0.7,7917,78400,0.10098214285714285,none,,,,,0.05555555555555555,0,16588876288,19894154240
276,1,0.015514299971982837,64.45666267932764,False,llava_ov_7b,15000,2.0,196,rlt,0.7,7917,78400,0.10098214285714285,none,,,,,0.05555555555555555,0,16588876288,19894154240
277,1,0.015361908008344471,65.09608047755576,False,llava_ov_7b,15000,2.0,196,rlt,0.7,7917,78400,0.10098214285714285,none,,,,,0.05555555555555555,0,16588876288,19894154240
278,1,0.08321800106205046,12.016630863968512,False,llava_ov_7b,15000,2.0,196,rlt,0.7,7917,78400,0.10098214285714285,none,,,,,0.05555555555555555,0,16588876288,19894154240
279,1,0.016151499934494495,61.91375439158541,False,llava_ov_7b,15000,2.0,196,rlt,0.7,7917,78400,0.10098214285714285,none,,,,,0.05555555555555555,0,16588876288,19894154240
280,1,0.016026776982471347,62.39557717023894,False,llava_ov_7b,15000,2.0,196,rlt,0.7,7917,78400,0.10098214285714285,none,,,,,0.05555555555555555,0,16588876288,19894154240
281,1,0.015526413917541504,64.4063726054743,False,llava_ov_7b,15000,2.0,196,rlt,0.7,7917,78400,0.10098214285714285,none,,,,,0.05555555555555555,0,16588876288,19894154240
282,1,0.015449677943252027,64.72626831918986,False,llava_ov_7b,15000,2.0,196,rlt,0.7,7917,78400,0.10098214285714285,none,,,,,0.05555555555555555,0,16588876288,19894154240
283,1,0.015367257059551775,65.07342176451934,False,llava_ov_7b,15000,2.0,196,rlt,0.7,7917,78400,0.10098214285714285,none,,,,,0.05555555555555555,0,16588876288,19894154240
284,1,0.08419461199082434,11.87724459267039,False,llava_ov_7b,15000,2.0,196,rlt,0.7,7917,78400,0.10098214285714285,none,,,,,0.05555555555555555,0,16588876288,19894154240
285,1,0.01574287808034569,63.52078666279308,False,llava_ov_7b,15000,2.0,196,rlt,0.7,7917,78400,0.10098214285714285,none,,,,,0.05555555555555555,0,16588876288,19894154240
286,1,0.015556309022940695,64.2826006172359,False,llava_ov_7b,15000,2.0,196,rlt,0.7,7917,78400,0.10098214285714285,none,,,,,0.05555555555555555,0,16588876288,19894154240
287,1,0.01599744602572173,62.50997805475544,False,llava_ov_7b,15000,2.0,196,rlt,0.7,7917,78400,0.10098214285714285,none,,,,,0.05555555555555555,0,16588876288,19894154240
288,1,0.015975015005096793,62.597750279480316,False,llava_ov_7b,15000,2.0,196,rlt,0.7,7917,78400,0.10098214285714285,none,,,,,0.05555555555555555,0,16588876288,19894154240
289,1,0.01560877007432282,64.06654689885197,False,llava_ov_7b,15000,2.0,196,rlt,0.7,7917,78400,0.10098214285714285,none,,,,,0.05555555555555555,0,16588876288,19894154240
290,1,0.015380276017822325,65.01833899737703,False,llava_ov_7b,15000,2.0,196,rlt,0.7,7917,78400,0.10098214285714285,none,,,,,0.05555555555555555,0,16588876288,19894154240
291,1,0.08482989598996937,11.788296900873767,False,llava_ov_7b,15000,2.0,196,rlt,0.7,7917,78400,0.10098214285714285,none,,,,,0.05555555555555555,0,16588876288,19894154240
292,1,0.015480141039006412,64.59889464057395,False,llava_ov_7b,15000,2.0,196,rlt,0.7,7917,78400,0.10098214285714285,none,,,,,0.05555555555555555,0,16588876288,19894154240
293,1,0.015415953006595373,64.8678676934324,False,llava_ov_7b,15000,2.0,196,rlt,0.7,7917,78400,0.10098214285714285,none,,,,,0.05555555555555555,0,16588876288,19894154240
294,1,0.015443480922840536,64.75224109099808,False,llava_ov_7b,15000,2.0,196,rlt,0.7,7917,78400,0.10098214285714285,none,,,,,0.05555555555555555,0,16588876288,19894154240
295,1,0.015409489977173507,64.89507449508886,False,llava_ov_7b,15000,2.0,196,rlt,0.7,7917,78400,0.10098214285714285,none,,,,,0.05555555555555555,0,16588876288,19894154240
296,1,0.015558779938146472,64.2723917926389,False,llava_ov_7b,15000,2.0,196,rlt,0.7,7917,78400,0.10098214285714285,none,,,,,0.05555555555555555,0,16588876288,19894154240
297,1,0.01542652293574065,64.82342159445203,False,llava_ov_7b,15000,2.0,196,rlt,0.7,7917,78400,0.10098214285714285,none,,,,,0.05555555555555555,0,16588876288,19894154240
298,1,0.015398265910334885,64.94237765622867,False,llava_ov_7b,15000,2.0,196,rlt,0.7,7917,78400,0.10098214285714285,none,,,,,0.05555555555555555,0,16588876288,19894154240
299,1,0.015321881975978613,65.26613385795446,False,llava_ov_7b,15000,2.0,196,rlt,0.7,7917,78400,0.10098214285714285,none,,,,,0.05555555555555555,0,16588876288,19894154240
300,1,0.015694353030994534,63.717185284740026,False,llava_ov_7b,15000,2.0,196,rlt,0.7,7917,78400,0.10098214285714285,none,,,,,0.05555555555555555,0,16588876288,19894154240
301,1,0.01598484697751701,62.55924760534268,False,llava_ov_7b,15000,2.0,196,rlt,0.7,7917,78400,0.10098214285714285,none,,,,,0.05555555555555555,0,16588876288,19894154240
302,1,0.08576436899602413,11.659853756358402,False,llava_ov_7b,15000,2.0,196,rlt,0.7,7917,78400,0.10098214285714285,none,,,,,0.05555555555555555,0,16588876288,19894154240
303,1,0.015522686997428536,64.42183625590457,False,llava_ov_7b,15000,2.0,196,rlt,0.7,7917,78400,0.10098214285714285,none,,,,,0.05555555555555555,0,16588876288,19894154240
304,1,0.015661259065382183,63.851826716180874,False,llava_ov_7b,15000,2.0,196,rlt,0.7,7917,78400,0.10098214285714285,none,,,,,0.05555555555555555,0,16588876288,19894154240
305,1,0.015361928031779826,65.09599562836517,False,llava_ov_7b,15000,2.0,196,rlt,0.7,7917,78400,0.10098214285714285,none,,,,,0.05555555555555555,0,16588876288,19894154240
306,1,0.08696266892366111,11.499187092312393,False,llava_ov_7b,15000,2.0,196,rlt,0.7,7917,78400,0.10098214285714285,none,,,,,0.05555555555555555,0,16588876288,19894154240
307,1,0.015677305054850876,63.78647328104263,False,llava_ov_7b,15000,2.0,196,rlt,0.7,7917,78400,0.10098214285714285,none,,,,,0.05555555555555555,0,16588876288,19894154240
308,1,0.015497447922825813,64.52675337125181,False,llava_ov_7b,15000,2.0,196,rlt,0.7,7917,78400,0.10098214285714285,none,,,,,0.05555555555555555,0,16588876288,19894154240
309,1,0.015467604040168226,64.65125415695113,False,llava_ov_7b,15000,2.0,196,rlt,0.7,7917,78400,0.10098214285714285,none,,,,,0.05555555555555555,0,16588876288,19894154240
310,1,0.01565017702523619,63.89704080583128,False,llava_ov_7b,15000,2.0,196,rlt,0.7,7917,78400,0.10098214285714285,none,,,,,0.05555555555555555,0,16588876288,19894154240
311,1,0.016067212098278105,62.23855102449094,False,llava_ov_7b,15000,2.0,196,rlt,0.7,7917,78400,0.10098214285714285,none,,,,,0.05555555555555555,0,16588876288,19894154240
312,1,0.015703353914432228,63.680663726297745,False,llava_ov_7b,15000,2.0,196,rlt,0.7,7917,78400,0.10098214285714285,none,,,,,0.05555555555555555,0,16588876288,19894154240
313,1,0.015527879004366696,64.40029573380778,False,llava_ov_7b,15000,2.0,196,rlt,0.7,7917,78400,0.10098214285714285,none,,,,,0.05555555555555555,0,16588876288,19894154240
314,1,0.015366706065833569,65.07575505875045,False,llava_ov_7b,15000,2.0,196,rlt,0.7,7917,78400,0.10098214285714285,none,,,,,0.05555555555555555,0,16588876288,19894154240
315,1,0.015767137054353952,63.423054962527836,False,llava_ov_7b,15000,2.0,196,rlt,0.7,7917,78400,0.10098214285714285,none,,,,,0.05555555555555555,0,16588876288,19894154240
316,1,0.015370659995824099,65.05901505021124,False,llava_ov_7b,15000,2.0,196,rlt,0.7,7917,78400,0.10098214285714285,none,,,,,0.05555555555555555,0,16588876288,19894154240
317,1,0.015355351963080466,65.1238735786938,False,llava_ov_7b,15000,2.0,196,rlt,0.7,7917,78400,0.10098214285714285,none,,,,,0.05555555555555555,0,16588876288,19894154240
318,1,0.08736180502455682,11.446649937222642,False,llava_ov_7b,15000,2.0,196,rlt,0.7,7917,78400,0.10098214285714285,none,,,,,0.05555555555555555,0,16588876288,19894154240
319,1,0.015446176053956151,64.74094277488668,False,llava_ov_7b,15000,2.0,196,rlt,0.7,7917,78400,0.10098214285714285,none,,,,,0.05555555555555555,0,16588876288,19894154240
320,1,0.015747696976177394,63.50134889646198,False,llava_ov_7b,15000,2.0,196,rlt,0.7,7917,78400,0.10098214285714285,none,,,,,0.05555555555555555,0,16588876288,19894154240
321,1,0.015824722941033542,63.19225958812825,False,llava_ov_7b,15000,2.0,196,rlt,0.7,7917,78400,0.10098214285714285,none,,,,,0.05555555555555555,0,16588876288,19894154240
322,1,0.015398169052787125,64.94278615670844,False,llava_ov_7b,15000,2.0,196,rlt,0.7,7917,78400,0.10098214285714285,none,,,,,0.05555555555555555,0,16588876288,19894154240
323,1,0.01540092402137816,64.9311689747895,False,llava_ov_7b,15000,2.0,196,rlt,0.7,7917,78400,0.10098214285714285,none,,,,,0.05555555555555555,0,16588876288,19894154240
324,1,0.015354078030213714,65.12927692774537,False,llava_ov_7b,15000,2.0,196,rlt,0.7,7917,78400,0.10098214285714285,none,,,,,0.05555555555555555,0,16588876288,19894154240
325,1,0.015394560992717743,64.95800695278292,False,llava_ov_7b,15000,2.0,196,rlt,0.7,7917,78400,0.10098214285714285,none,,,,,0.05555555555555555,0,16588876288,19894154240
326,1,0.016105255112051964,62.09153428756773,False,llava_ov_7b,15000,2.0,196,rlt,0.7,7917,78400,0.10098214285714285,none,,,,,0.05555555555555555,0,16588876288,19894154240
327,1,0.01591635891236365,62.82843994069594,False,llava_ov_7b,15000,2.0,196,rlt,0.7,7917,78400,0.10098214285714285,none,,,,,0.05555555555555555,0,16588876288,19894154240
328,1,0.015551862074062228,64.30098178840103,False,llava_ov_7b,15000,2.0,196,rlt,0.7,7917,78400,0.10098214285714285,none,,,,,0.05555555555555555,0,16588876288,19894154240
329,1,0.015384519007056952,65.00040719773529,False,llava_ov_7b,15000,2.0,196,rlt,0.7,7917,78400,0.10098214285714285,none,,,,,0.05555555555555555,0,16588876288,19894154240
330,1,0.08846573007758707,11.303812212061896,False,llava_ov_7b,15000,2.0,196,rlt,0.7,7917,78400,0.10098214285714285,none,,,,,0.05555555555555555,0,16588876288,19894154240
331,1,0.015406457940116525,64.90784604007666,False,llava_ov_7b,15000,2.0,196,rlt,0.7,7917,78400,0.10098214285714285,none,,,,,0.05555555555555555,0,16588876288,19894154240
332,1,0.015371644985862076,65.05484617422147,False,llava_ov_7b,15000,2.0,196,rlt,0.7,7917,78400,0.10098214285714285,none,,,,,0.05555555555555555,0,16588876288,19894154240
333,1,0.015252868994139135,65.5614363687413,False,llava_ov_7b,15000,2.0,196,rlt,0.7,7917,78400,0.10098214285714285,none,,,,,0.05555555555555555,0,16588876288,19894154240
334,1,0.015349791035987437,65.14746667596384,False,llava_ov_7b,15000,2.0,196,rlt,0.7,7917,78400,0.10098214285714285,none,,,,,0.05555555555555555,0,16588876288,19894154240
335,1,0.015258852043189108,65.53572950111648,False,llava_ov_7b,15000,2.0,196,rlt,0.7,7917,78400,0.10098214285714285,none,,,,,0.05555555555555555,0,16588876288,19894154240
336,1,0.01529345999006182,65.38742708646912,False,llava_ov_7b,15000,2.0,196,rlt,0.7,7917,78400,0.10098214285714285,none,,,,,0.05555555555555555,0,16588876288,19894154240
337,1,0.01542148005682975,64.84461908421866,False,llava_ov_7b,15000,2.0,196,rlt,0.7,7917,78400,0.10098214285714285,none,,,,,0.05555555555555555,0,16588876288,19894154240
338,1,0.015343967941589653,65.17219038821837,False,llava_ov_7b,15000,2.0,196,rlt,0.7,7917,78400,0.10098214285714285,none,,,,,0.05555555555555555,0,16588876288,19894154240
339,1,0.015284531051293015,65.42562520525637,False,llava_ov_7b,15000,2.0,196,rlt,0.7,7917,78400,0.10098214285714285,none,,,,,0.05555555555555555,0,16588876288,19894154240
340,1,0.015223570982925594,65.68761042475363,False,llava_ov_7b,15000,2.0,196,rlt,0.7,7917,78400,0.10098214285714285,none,,,,,0.05555555555555555,0,16588876288,19894154240
341,1,0.015247609000653028,65.58405320841922,False,llava_ov_7b,15000,2.0,196,rlt,0.7,7917,78400,0.10098214285714285,none,,,,,0.05555555555555555,0,16588876288,19894154240
342,1,0.015463102026842535,64.670077081823,False,llava_ov_7b,15000,2.0,196,rlt,0.7,7917,78400,0.10098214285714285,none,,,,,0.05555555555555555,0,16588876288,19894154240
343,1,0.015907051041722298,62.86520344827707,False,llava_ov_7b,15000,2.0,196,rlt,0.7,7917,78400,0.10098214285714285,none,,,,,0.05555555555555555,0,16588876288,19894154240
344,1,0.0157153649488464,63.63199348249344,False,llava_ov_7b,15000,2.0,196,rlt,0.7,7917,78400,0.10098214285714285,none,,,,,0.05555555555555555,0,16588876288,19894154240
345,1,0.08938551507890224,11.187494966240129,False,llava_ov_7b,15000,2.0,196,rlt,0.7,7917,78400,0.10098214285714285,none,,,,,0.05555555555555555,0,16588876288,19894154240
346,1,0.01562368602026254,64.00538251364553,False,llava_ov_7b,15000,2.0,196,rlt,0.7,7917,78400,0.10098214285714285,none,,,,,0.05555555555555555,0,16588876288,19894154240
347,1,0.015373321017250419,65.04775375976986,False,llava_ov_7b,15000,2.0,196,rlt,0.7,7917,78400,0.10098214285714285,none,,,,,0.05555555555555555,0,16588876288,19894154240
348,1,0.015527159092016518,64.40328163534838,False,llava_ov_7b,15000,2.0,196,rlt,0.7,7917,78400,0.10098214285714285,none,,,,,0.05555555555555555,0,16588876288,19894154240
349,1,0.015347189037129283,65.15851193210113,False,llava_ov_7b,15000,2.0,196,rlt,0.7,7917,78400,0.10098214285714285,none,,,,,0.05555555555555555,0,16588876288,19894154240
350,1,0.015251460019499063,65.56749312665772,False,llava_ov_7b,15000,2.0,196,rlt,0.7,7917,78400,0.10098214285714285,none,,,,,0.05555555555555555,0,16588876288,19894154240
351,1,0.015356495976448059,65.11902204341924,False,llava_ov_7b,15000,2.0,196,rlt,0.7,7917,78400,0.10098214285714285,none,,,,,0.05555555555555555,0,16588876288,19894154240
352,1,0.015290078008547425,65.40188999957896,False,llava_ov_7b,15000,2.0,196,rlt,0.7,7917,78400,0.10098214285714285,none,,,,,0.05555555555555555,0,16588876288,19894154240
353,1,0.0899835490854457,11.113142459522571,False,llava_ov_7b,15000,2.0,196,rlt,0.7,7917,78400,0.10098214285714285,none,,,,,0.05555555555555555,0,16588876288,19894154240
354,1,0.0157483039656654,63.49890135345427,False,llava_ov_7b,15000,2.0,196,rlt,0.7,7917,78400,0.10098214285714285,none,,,,,0.05555555555555555,0,16588876288,19894154240
355,1,0.015601529041305184,64.0962816755006,False,llava_ov_7b,15000,2.0,196,rlt,0.7,7917,78400,0.10098214285714285,none,,,,,0.05555555555555555,0,16588876288,19894154240
356,1,0.016134480945765972,61.97906231761494,False,llava_ov_7b,15000,2.0,196,rlt,0.7,7917,78400,0.10098214285714285,none,,,,,0.05555555555555555,0,16588876288,19894154240
357,1,0.015735656954348087,63.54993648509091,False,llava_ov_7b,15000,2.0,196,rlt,0.7,7917,78400,0.10098214285714285,none,,,,,0.05555555555555555,0,16588876288,19894154240
358,1,0.01561824802774936,64.02766803442186,False,llava_ov_7b,15000,2.0,196,rlt,0.7,7917,78400,0.10098214285714285,none,,,,,0.05555555555555555,0,16588876288,19894154240
359,1,0.015411696978844702,64.88578132393064,False,llava_ov_7b,15000,2.0,196,rlt,0.7,7917,78400,0.10098214285714285,none,,,,,0.05555555555555555,0,16588876288,19894154240
360,1,0.09083104296587408,11.00945191585775,False,llava_ov_7b,15000,2.0,196,rlt,0.7,7917,78400,0.10098214285714285,none,,,,,0.05555555555555555,0,16588876288,19894154240
361,1,0.01548212906345725,64.5905996456468,False,llava_ov_7b,15000,2.0,196,rlt,0.7,7917,78400,0.10098214285714285,none,,,,,0.05555555555555555,0,16588876288,19894154240
362,1,0.015329884015955031,65.23206561505752,False,llava_ov_7b,15000,2.0,196,rlt,0.7,7917,78400,0.10098214285714285,none,,,,,0.05555555555555555,0,16588876288,19894154240
363,1,0.015298755024559796,65.36479591931852,False,llava_ov_7b,15000,2.0,196,rlt,0.7,7917,78400,0.10098214285714285,none,,,,,0.05555555555555555,0,16588876288,19894154240
364,1,0.015295988996513188,65.37661606764728,False,llava_ov_7b,15000,2.0,196,rlt,0.7,7917,78400,0.10098214285714285,none,,,,,0.05555555555555555,0,16588876288,19894154240
365,1,0.015200903988443315,65.78556122453395,False,llava_ov_7b,15000,2.0,196,rlt,0.7,7917,78400,0.10098214285714285,none,,,,,0.05555555555555555,0,16588876288,19894154240
366,1,0.015303588006645441,65.34415325123489,False,llava_ov_7b,15000,2.0,196,rlt,0.7,7917,78400,0.10098214285714285,none,,,,,0.05555555555555555,0,16588876288,19894154240
367,1,0.015328948036767542,65.23604865783554,False,llava_ov_7b,15000,2.0,196,rlt,0.7,7917,78400,0.10098214285714285,none,,,,,0.05555555555555555,0,16588876288,19894154240
368,1,0.01531529997009784,65.29418306872455,False,llava_ov_7b,15000,2.0,196,rlt,0.7,7917,78400,0.10098214285714285,none,,,,,0.05555555555555555,0,16588876288,19894154240
369,1,0.01568418403621763,63.758496947677884,False,llava_ov_7b,15000,2.0,196,rlt,0.7,7917,78400,0.10098214285714285,none,,,,,0.05555555555555555,0,16588876288,19894154240
370,1,0.015478413086384535,64.60610622155072,False,llava_ov_7b,15000,2.0,196,rlt,0.7,7917,78400,0.10098214285714285,none,,,,,0.05555555555555555,0,16588876288,19894154240
371,1,0.09208175598178059,10.859914532883813,False,llava_ov_7b,15000,2.0,196,rlt,0.7,7917,78400,0.10098214285714285,none,,,,,0.05555555555555555,0,16588876288,19894154240
372,1,0.016006128047592938,62.47607147878489,False,llava_ov_7b,15000,2.0,196,rlt,0.7,7917,78400,0.10098214285714285,none,,,,,0.05555555555555555,0,16588876288,19894154240
373,1,0.015517908963374794,64.44167202940741,False,llava_ov_7b,15000,2.0,196,rlt,0.7,7917,78400,0.10098214285714285,none,,,,,0.05555555555555555,0,16588876288,19894154240
374,1,0.015397106995806098,64.94726576053426,False,llava_ov_7b,15000,2.0,196,rlt,0.7,7917,78400,0.10098214285714285,none,,,,,0.05555555555555555,0,16588876288,19894154240
375,1,0.015456667053513229,64.69700075299899,False,llava_ov_7b,15000,2.0,196,rlt,0.7,7917,78400,0.10098214285714285,none,,,,,0.05555555555555555,0,16588876288,19894154240
376,1,0.09294306696392596,10.75927481915494,False,llava_ov_7b,15000,2.0,196,rlt,0.7,7917,78400,0.10098214285714285,none,,,,,0.05555555555555555,0,16588876288,19894154240
377,1,0.015883550979197025,62.958213897491696,False,llava_ov_7b,15000,2.0,196,rlt,0.7,7917,78400,0.10098214285714285,none,,,,,0.05555555555555555,0,16588876288,19894154240
378,1,0.015480686910450459,64.59661678997821,False,llava_ov_7b,15000,2.0,196,rlt,0.7,7917,78400,0.10098214285714285,none,,,,,0.05555555555555555,0,16588876288,19894154240
379,1,0.015377645962871611,65.0294591522291,False,llava_ov_7b,15000,2.0,196,rlt,0.7,7917,78400,0.10098214285714285,none,,,,,0.05555555555555555,0,16588876288,19894154240
380,1,0.01528600393794477,65.41932110312224,False,llava_ov_7b,15000,2.0,196,rlt,0.7,7917,78400,0.10098214285714285,none,,,,,0.05555555555555555,0,16588876288,19894154240
381,1,0.015243937028571963,65.5998511490623,False,llava_ov_7b,15000,2.0,196,rlt,0.7,7917,78400,0.10098214285714285,none,,,,,0.05555555555555555,0,16588876288,19894154240
382,1,0.015291880932636559,65.39417906830278,False,llava_ov_7b,15000,2.0,196,rlt,0.7,7917,78400,0.10098214285714285,none,,,,,0.05555555555555555,0,16588876288,19894154240
383,1,0.015377921052277088,65.02829586655504,False,llava_ov_7b,15000,2.0,196,rlt,0.7,7917,78400,0.10098214285714285,none,,,,,0.05555555555555555,0,16588876288,19894154240
384,1,0.015207526972517371,65.75691115374464,False,llava_ov_7b,15000,2.0,196,rlt,0.7,7917,78400,0.10098214285714285,none,,,,,0.05555555555555555,0,16588876288,19894154240
385,1,0.09346035204362124,10.699724301629686,False,llava_ov_7b,15000,2.0,196,rlt,0.7,7917,78400,0.10098214285714285,none,,,,,0.05555555555555555,0,16588876288,19894154240
386,1,0.015496380045078695,64.53120000225974,False,llava_ov_7b,15000,2.0,196,rlt,0.7,7917,78400,0.10098214285714285,none,,,,,0.05555555555555555,0,16588876288,19894154240
387,1,0.01571769593283534,63.62255665672547,False,llava_ov_7b,15000,2.0,196,rlt,0.7,7917,78400,0.10098214285714285,none,,,,,0.05555555555555555,0,16588876288,19894154240
388,1,0.015793732018209994,63.31625728782857,False,llava_ov_7b,15000,2.0,196,rlt,0.7,7917,78400,0.10098214285714285,none,,,,,0.05555555555555555,0,16588876288,19894154240
389,1,0.015336766024120152,65.2027942805738,False,llava_ov_7b,15000,2.0,196,rlt,0.7,7917,78400,0.10098214285714285,none,,,,,0.05555555555555555,0,16588876288,19894154240
390,1,0.015444112941622734,64.74959123776834,False,llava_ov_7b,15000,2.0,196,rlt,0.7,7917,78400,0.10098214285714285,none,,,,,0.05555555555555555,0,16588876288,19894154240
391,1,0.015305163920857012,65.33742501360972,False,llava_ov_7b,15000,2.0,196,rlt,0.7,7917,78400,0.10098214285714285,none,,,,,0.05555555555555555,0,16588876288,19894154240
392,1,0.015213108970783651,65.73278360921965,False,llava_ov_7b,15000,2.0,196,rlt,0.7,7917,78400,0.10098214285714285,none,,,,,0.05555555555555555,0,16588876288,19894154240
393,1,0.015243872068822384,65.60013069417289,False,llava_ov_7b,15000,2.0,196,rlt,0.7,7917,78400,0.10098214285714285,none,,,,,0.05555555555555555,0,16588876288,19894154240
394,1,0.01589319098275155,62.920026638154226,False,llava_ov_7b,15000,2.0,196,rlt,0.7,7917,78400,0.10098214285714285,none,,,,,0.05555555555555555,0,16588876288,19894154240
395,1,0.09460409206803888,10.57036728686962,False,llava_ov_7b,15000,2.0,196,rlt,0.7,7917,78400,0.10098214285714285,none,,,,,0.05555555555555555,0,16588876288,19894154240
396,1,0.015456691035069525,64.69690037350883,False,llava_ov_7b,15000,2.0,196,rlt,0.7,7917,78400,0.10098214285714285,none,,,,,0.05555555555555555,0,16588876288,19894154240
397,1,0.015423984033986926,64.8340920086852,False,llava_ov_7b,15000,2.0,196,rlt,0.7,7917,78400,0.10098214285714285,none,,,,,0.05555555555555555,0,16588876288,19894154240
398,1,0.015297294012270868,65.37103877312161,False,llava_ov_7b,15000,2.0,196,rlt,0.7,7917,78400,0.10098214285714285,none,,,,,0.05555555555555555,0,16588876288,19894154240
399,1,0.01527401793282479,65.47065771416565,False,llava_ov_7b,15000,2.0,196,rlt,0.7,7917,78400,0.10098214285714285,none,,,,,0.05555555555555555,0,16588876288,19894154240
