video_id,task,question,answer,answer_letter,min_fps,sample_fps,trigger,trigger_time_sec,n_frames_seen,n_frames_loaded,truncated,qa_acc,pred_answer,pred_choice,correct_choice,presented_choices,n_generated_tokens,latency_seconds,retrieval_fired,question_id,position_bin,position_frac,needle_start_sec,needle_end_sec,query_time_sec,stream_fps,haystack_file,needle_first_frame,needle_last_frame,n_needle_frames,retrieval_distance_sec,retrieval_distance_frames,tokens_after_needle,needle_in_local_window,n_layers_retrieved,n_blocks_per_layer,n_needle_blocks,layers_hit_frac,blocks_hit_mean,retrieve_size,chunk_size
fpsstream_000000,repetitive_motion,How many dribbles does the player make?,3,A,7.0,4.0,query,153.817,616,2400,False,0.0,B,B,A,"['3', '4', '5', '6', 'None of the above']",2,0.7737,True,fpsbench_000000,early,0.2522,149.817,155.823,153.817,25.0,order_29.mp4,600,615,16,-2.006,0,0,True,28,64,16,1.0,8.6786,64,1
fpsstream_000001,repetitive_motion,How many times does the person in white and blue shirt move his fist?,more than 8 but less than 10 times,B,20.0,4.0,query,247.816,992,2400,False,0.0,A,A,B,"['6 to 8 times', 'more than 8 but less than 10 times', 'more than 10 but less than 13 times', 'exactly 13 times', 'None of the above']",2,0.6307,True,fpsbench_000001,middle,0.4117,240.816,255.816,247.816,30.0,order_242.mp4,964,991,28,-8.0,0,0,True,28,64,28,0.7857,2.6429,64,1
fpsstream_000002,instance_count,How many times does the person clap in total?,more than 11 times,D,10.0,4.0,query,480.81,1924,2400,False,0.0,A,A,D,"['6 to 8 times', '8 to 10 times', '11 times', 'more than 11 times', 'None of the above']",2,0.369,True,fpsbench_000002,late,0.8048,470.81,485.81,480.81,25.0,subPlot_new_all_198.mp4,1884,1923,40,-5.0,0,0,True,28,64,40,0.7857,4.1071,64,1
fpsstream_000003,speed_recognition,How does the speed of the car change in this video,Speed up,A,7.0,4.0,query,109.753,440,2400,False,100.0,A,A,A,"['Speed up', 'Slow down', 'Stays the same', 'Speeds up and slows down', 'None of the above']",2,0.4179,True,fpsbench_000003,early,0.1774,105.753,109.753,109.753,25.0,subPlot_new_all_92.mp4,424,439,16,0.0,0,0,True,28,64,16,0.8571,4.2143,64,1
fpsstream_000004,fine_grained_motion,"What foot does the player shoot with, and does he score","Left foot, no he does not score",B,7.0,4.0,query,243.368,974,2400,False,0.0,A,A,B,"['Right foot, no he does not score', 'Left foot, no he does not score', 'Right foot, yes he does score', 'Left foot, yes he does score', 'None of the above']",2,0.3504,True,fpsbench_000004,middle,0.4033,240.368,244.368,243.368,30.0,order_74.mp4,962,973,12,-1.0,0,0,True,28,64,12,0.9286,8.3571,64,1
fpsstream_000005,repetitive_motion,How many times does the dog jump on the floor in this video after getting off the couch?,5,B,7.0,4.0,query,458.671,1835,2400,False,0.0,E,E,B,"['4', '5', '6', '7', 'None of the above']",2,0.5821,True,fpsbench_000005,late,0.7629,454.671,458.675,458.671,25.0,movie101_89.mp4,1819,1834,16,-0.004,0,0,True,28,64,16,0.7143,3.3571,64,1
fpsstream_000006,instance_count,How many times does player #45 touch the ball with his right foot?,4,C,16.0,4.0,query,123.902,496,2400,False,0.0,A,A,C,"['2', '3', '4', '5', 'None of the above']",2,0.4475,True,fpsbench_000006,early,0.1998,118.902,123.902,123.902,24.0,subPlot_new_all_59.mp4,476,495,20,0.0,0,0,True,28,64,20,0.8571,7.6429,64,1
fpsstream_000007,action_order,What is the order of the actions by the player holding the ball in the video?,"Dribble, Between the legs crossover, Pass",B,8.0,4.0,query,301.119,1205,2400,False,0.0,D,D,B,"['Behind the back, dribble, pass', 'Dribble, Between the legs crossover, Pass', 'Crossover, Dribble, Pass', 'Dribble, behind the back, pass', 'None of the above']",2,0.5438,True,fpsbench_000007,middle,0.4994,298.119,301.122,301.119,24.0,subPlot_new_all_165.mp4,1193,1204,12,-0.003,0,0,True,28,64,12,0.7143,1.9286,64,1
fpsstream_000008,state_at_event,What is the position of the blue-gloved boxer's non-punching hand when he throws his first punch?,It is lowered to his chest,C,4.0,4.0,query,431.492,1726,2400,False,0.0,B,B,C,"['It is raised to cover his head', 'It is lowered to his hips', 'It is lowered to his chest', 'It is drawn back', 'None of the above']",2,0.5024,True,fpsbench_000008,late,0.7226,428.492,435.499,431.492,25.0,subPlot_new_all_56.mp4,1714,1725,12,-4.007,0,0,True,28,64,12,0.8214,3.3929,64,1
fpsstream_000009,repetitive_motion,How many rotations does the gymnast do?,4,C,7.0,4.0,query,158.623,635,2400,False,0.0,B,B,C,"['2', '3', '4', '5', 'None of the above']",2,0.6265,True,fpsbench_000009,early,0.2561,151.623,159.623,158.623,24.0,order_13.mp4,607,634,28,-1.0,0,0,True,28,64,28,0.7143,2.8571,64,1
fpsstream_000010,action_order,What is the order of the actions by the player holding the ball in the video?,"Cross over, cross over, between the legs cross over, drive, layup",B,5.0,4.0,query,250.973,1004,2400,False,0.0,C,C,B,"['Cross over, between the legs, cross over, drive, layup', 'Cross over, cross over, between the legs cross over, drive, layup', 'between the legs cross over, cross over, cross over, drive, layup', 'cross over, drive, between the legs cross over, cross over, layup', 'None of the above']",2,0.4537,True,fpsbench_000010,middle,0.4124,244.973,250.973,250.973,30.0,order_113.mp4,980,1003,24,0.0,0,0,True,28,64,24,0.8929,4.7143,64,1
fpsstream_000011,instance_count,How many times does the audience member hit the blue thundersticks against each other?,6,D,25.0,4.0,query,428.358,1714,2400,False,0.0,A,A,D,"['3', '4', '5', '6', 'None of the above']",2,0.4366,True,fpsbench_000011,late,0.7134,417.358,432.358,428.358,25.0,subPlot_new_all_187.mp4,1670,1713,44,-4.0,0,0,True,28,64,44,0.8571,2.0714,64,1
fpsstream_000012,blink_and_miss,What direction was the jetski traveling before being occluded by the big wave?,Left,A,7.0,4.0,query,97.928,392,2400,False,0.0,B,B,A,"['Left', 'Right', 'Straight', 'Backward', 'None of the above']",2,0.4989,True,fpsbench_000012,early,0.1551,91.928,99.054,97.928,25.0,subPlot_new_all_88.mp4,368,391,24,-1.126,0,0,True,28,64,24,0.5714,3.5,64,1
fpsstream_000013,state_at_event,What is the motion of the fighter's left hand when he kicks for the first time?,He swings his hand downward,C,5.0,4.0,query,284.637,1139,2400,False,0.0,B,B,C,"['He swings his hand upward', 'He swings his hand out to the side', 'He swings his hand downward', 'He swings his hand inward', 'None of the above']",2,0.5425,True,fpsbench_000013,middle,0.4757,281.637,289.645,284.637,25.0,subPlot_new_all_52.mp4,1127,1138,12,-5.008,0,0,True,28,64,12,0.8214,3.25,64,1
fpsstream_000014,fine_grained_motion,Which foot did the player use to pass the ball to their teammate?,Right,B,15.0,4.0,query,506.859,2028,2400,False,100.0,B,B,B,"['Left', 'Right', 'They did not pass', 'Head', 'None of the above']",2,1.1088,True,fpsbench_000014,late,0.8432,500.859,506.859,506.859,25.0,subPlot_new_all_7.mp4,2004,2027,24,0.0,0,0,True,28,64,24,0.6071,2.1786,64,1
fpsstream_000015,repetitive_motion,How many times does the person clap?,14,D,7.0,4.0,query,129.415,518,2400,False,0.0,C,C,D,"['10', '12', '8', '14', 'None of the above']",2,0.5683,True,fpsbench_000015,early,0.2091,124.415,129.415,129.415,30.0,order_105.mp4,498,517,20,0.0,0,0,True,28,64,20,1.0,11.8571,64,1
fpsstream_000016,fine_grained_motion,How did the player in white near the goal strike the ball?,With their head,D,5.0,4.0,query,243.741,975,2400,False,0.0,B,B,D,"['With their left foot', 'With their right foot', 'With their chest', 'With their head', 'None of the above']",2,0.5476,True,fpsbench_000016,middle,0.4016,237.741,245.741,243.741,25.0,order_69.mp4,951,974,24,-2.0,0,0,True,28,64,24,0.8929,2.8214,64,1
fpsstream_000017,repetitive_motion,How many times does the woman spin?,5,C,5.0,4.0,query,464.761,1860,2400,False,0.0,A,A,C,"['3', '4', '5', '6', 'None of the above']",2,0.6,True,fpsbench_000017,late,0.7757,460.761,466.761,464.761,25.0,movie101_26.mp4,1844,1859,16,-2.0,0,0,True,28,64,16,0.2857,0.3214,64,1
fpsstream_000018,state_at_event,What is the motion of the fighter's left hand when he kicks the first time?,He swings his hand out to the side,B,5.0,4.0,query,159.351,638,2400,False,100.0,B,B,B,"['He swings his hand upward', 'He swings his hand out to the side', 'He swings his hand downward', 'He swings his hand inward', 'None of the above']",2,0.4379,True,fpsbench_000018,early,0.2637,156.351,163.358,159.351,30.0,order_18.mp4,626,637,12,-4.007,0,0,True,28,64,12,1.0,6.1429,64,1
fpsstream_000019,fine_grained_motion,Which action is not done by the man on stage?,Blink with one eye,D,7.0,4.0,query,276.852,1108,2400,False,0.0,B,B,D,"['Blink with both eyes', 'Shake his head', 'Point at himself', 'Blink with one eye', 'None of the above']",2,0.3378,True,fpsbench_000019,middle,0.4495,263.852,276.865,276.852,30.0,count_68.mp4,1056,1107,52,-0.013,0,0,True,28,64,52,0.6429,1.3214,64,1
fpsstream_000020,state_at_event,What is the motion of the fighter's left hand when he kicks the first time?,He swings his hand downward,C,6.0,4.0,query,516.366,2066,2400,False,100.0,C,C,C,"['He swings his hand upward', 'He swings his hand out to the side', 'He swings his hand downward', 'He swings his hand inward', 'None of the above']",2,0.5484,True,fpsbench_000020,late,0.8636,510.366,519.375,516.366,30.0,order_346.mp4,2042,2065,24,-3.009,0,0,True,28,64,24,0.7143,2.6786,64,1
fpsstream_000021,state_at_event,"When the boxer dodges to his right, how does his left hand move?",He swings his hand downward,C,5.0,4.0,query,147.292,590,2400,False,0.0,B,B,C,"['He swings his hand upward', 'He swings his hand out to the side', 'He swings his hand downward', 'He swings his hand inward', 'None of the above']",2,0.5117,True,fpsbench_000021,early,0.2421,144.292,148.296,147.292,25.0,subPlot_new_all_142.mp4,578,589,12,-1.004,0,0,True,28,64,12,0.8214,6.5357,64,1
fpsstream_000022,instance_count,How many dribbles are made in this possession?,1,B,7.0,4.0,query,301.821,1208,2400,False,100.0,B,B,B,"['0', '1', '2', '3', 'None of the above']",2,0.6613,True,fpsbench_000022,middle,0.5056,299.821,306.821,301.821,25.0,subPlot_new_all_112.mp4,1200,1207,8,-5.0,0,0,True,28,64,8,0.8214,3.3214,64,1
fpsstream_000023,action_order,What is the order of actions in this video?,"Dribble, Dribble, Crossover, Dribble, Dribble, Shoot",A,9.0,4.0,query,496.475,1986,2400,False,0.0,C,C,A,"['Dribble, Dribble, Crossover, Dribble, Dribble, Shoot', 'Cross over, Dribble, Dribble, Dribble, Dribble, Shoot', 'Dribble, Cross over, Dribble, Dribble, Dribble, Shoot', 'Dribble, Dribble, Dribble, Crossover, Shoot', 'None of the above']",2,0.5574,True,fpsbench_000023,late,0.8254,489.475,496.475,496.475,25.0,subPlot_new_all_175.mp4,1958,1985,28,0.0,0,0,True,28,64,28,0.7143,1.4643,64,1
fpsstream_000024,repetitive_motion,How many passes are made?,4,C,12.0,4.0,query,121.114,485,2400,False,0.0,B,B,C,"['2', '3', '4', '5', 'None of the above']",2,0.5016,True,fpsbench_000024,early,0.1941,115.114,122.114,121.114,25.0,order_51.mp4,461,484,24,-1.0,0,0,True,28,64,24,1.0,9.7143,64,1
fpsstream_000025,blink_and_miss,Does the drummer hit the crash cymbal on his left?,"Yes, just once",A,7.0,4.0,query,258.385,1034,2400,False,0.0,B,B,A,"['Yes, just once', 'No', 'Yes, multiple times', 'There is no crash cymbal', 'None of the above']",2,0.4842,True,fpsbench_000025,middle,0.4316,256.385,262.391,258.385,30.0,surveil_28.mp4,1026,1033,8,-4.006,0,0,True,28,64,8,0.75,5.3214,64,1
fpsstream_000026,state_at_event,"How does the drummer move his head, if at all, when he hits the crash cymbal?","He moves his head backwards, then forwards",C,6.0,4.0,query,486.658,1947,2400,False,0.0,D,D,C,"['He nods', 'He shakes his head', 'He moves his head backwards, then forwards', 'He does not move his head', 'None of the above']",2,0.5103,True,fpsbench_000026,late,0.8164,481.658,491.658,486.658,30.0,surveil_0.mp4,1927,1946,20,-5.0,0,0,True,28,64,20,0.9643,18.2857,64,1
fpsstream_000027,repetitive_motion,How many hops does the gummy bear make?,6,C,7.0,4.0,query,116.388,466,2400,False,100.0,C,C,C,"['4', '5', '6', '7', 'None of the above']",2,0.4829,True,fpsbench_000027,early,0.1889,112.388,117.388,116.388,25.0,subPlot_new_all_167.mp4,450,465,16,-1.0,0,0,True,28,64,16,0.9643,12.4286,64,1
fpsstream_000028,blink_and_miss,Does the gummy bear blink?,"Yes, just once",A,25.0,4.0,query,264.822,1060,2400,False,0.0,C,C,A,"['Yes, just once', 'No', 'Yes, multiple times', 'No, but it winks', 'None of the above']",2,0.4875,True,fpsbench_000028,middle,0.4376,260.822,264.822,264.822,30.0,count_40.mp4,1044,1059,16,0.0,0,0,True,28,64,16,1.0,15.3214,64,1
fpsstream_000029,state_at_event,"How does the drummer move his head, if at all, when he hits the cymbal?",He nods,A,8.0,4.0,query,500.172,2001,2400,False,0.0,D,D,A,"['He nods', 'He shakes his head', 'He moves his head backwards, then forwards', 'He does not move his head', 'None of the above']",2,0.5859,True,fpsbench_000029,late,0.8328,497.172,500.172,500.172,24.0,subPlot_new_all_163.mp4,1989,2000,12,0.0,0,0,True,28,64,12,0.8214,3.8571,64,1
fpsstream_000030,instance_count,How many squares did the coach step into with both feet?,Two,B,14.0,4.0,query,83.868,336,2400,False,100.0,B,B,B,"['One', 'Two', 'Three', 'Zero', 'None of the above']",2,0.6231,True,fpsbench_000030,early,0.133,78.868,85.875,83.868,25.0,subPlot_new_all_85.mp4,316,335,20,-2.007,0,0,True,28,64,20,0.9643,8.2143,64,1
fpsstream_000031,instance_count,How many times does the player in blue socks step in every square?,2,B,4.0,4.0,query,298.801,1196,2400,False,100.0,B,B,B,"['1', '2', '3', '4', 'None of the above']",2,0.3317,True,fpsbench_000031,middle,0.4946,292.801,300.809,298.801,30.0,order_301.mp4,1172,1195,24,-2.008,0,0,True,28,64,24,0.8571,6.6429,64,1
fpsstream_000032,state_at_event,"How does the drummer move his head, if at all, when he hits the crash cymbal?","He moves his head backwards, then forwards",C,4.0,4.0,query,449.632,1799,2400,False,0.0,D,D,C,"['He nods', 'He shakes his head', 'He moves his head backwards, then forwards', 'He does not move his head', 'None of the above']",2,0.4984,True,fpsbench_000032,late,0.7477,445.632,449.632,449.632,30.0,ego_81.mp4,1783,1798,16,0.0,0,0,True,28,64,16,0.8571,9.7857,64,1
fpsstream_000033,fine_grained_motion,What did the driver wearing a JT suit do to the person on his left?,Gave them a thumbs up.,B,7.0,4.0,query,155.287,622,2400,False,100.0,B,B,B,"['Angrily gestured at them.', 'Gave them a thumbs up.', 'Did nothing and started straight ahead.', 'Bent over and checked their equipment.', 'None of the above']",2,0.5088,True,fpsbench_000033,early,0.2559,152.287,157.292,155.287,25.0,order_122.mp4,610,621,12,-2.005,0,0,True,28,64,12,0.9643,9.1429,64,1
fpsstream_000034,state_at_event,"How does the drummer move his head, if at all, when he hits the crash cymbal?","He moves his head backwards, then forwards",C,4.0,4.0,query,280.609,1123,2400,False,0.0,D,D,C,"['He nods', 'He shakes his head', 'He moves his head backwards, then forwards', 'He does not move his head', 'None of the above']",2,0.522,True,fpsbench_000034,middle,0.4658,277.609,281.609,280.609,25.0,subPlot_new_all_150.mp4,1111,1122,12,-1.0,0,0,True,28,64,12,0.7857,3.0714,64,1
fpsstream_000035,fine_grained_motion,Which description best fits the motion of the skateboard during the trick?,The skateboard was rolled once by 360 degrees.,B,7.0,4.0,query,500.555,2003,2400,False,0.0,A,A,B,"['The skateboard stayed flat in the air relative to the ground.', 'The skateboard was rolled once by 360 degrees.', 'The skateboard was spun twice.', 'The skater spun their body, not the board.', 'None of the above']",2,0.5529,True,fpsbench_000035,late,0.8346,496.555,501.56,500.555,25.0,subPlot_new_all_3.mp4,1987,2002,16,-1.005,0,0,True,28,64,16,0.6786,1.9643,64,1
fpsstream_000036,blink_and_miss,Describe the interaction between Yoshi and Donkey Kong.,Donkey Kong collided with Yoshi.,C,7.0,4.0,query,169.317,678,2400,False,0.0,B,B,C,"['Donkey Kong quickly passed Yoshi in his cart.', 'Yoshi stayed to the right of Donkey Kong and maintained their position.', 'Donkey Kong collided with Yoshi.', 'Donkey Kong stayed behind Yoshi.', 'None of the above']",2,0.5434,True,fpsbench_000036,early,0.2766,164.317,170.317,169.317,25.0,subPlot_new_all_137.mp4,658,677,20,-1.0,0,0,True,28,64,20,1.0,7.6071,64,1
fpsstream_000037,blink_and_miss,What happened after Yoshi threw the red shell to the other cart?,The cart flipped over.,A,15.0,4.0,query,306.309,1226,2400,False,0.0,B,B,A,"['The cart flipped over.', 'The cart spun into the wall.', 'The cart was stopped in its tracks.', 'The cart spun in circles.', 'None of the above']",2,0.5732,True,fpsbench_000037,middle,0.5072,302.309,306.309,306.309,25.0,subPlot_new_all_193.mp4,1210,1225,16,0.0,0,0,True,28,64,16,0.9643,7.9643,64,1
fpsstream_000038,state_at_event,"What other part of the drumkit, if any, does the drummer hit at the same time as he hits the crash cymbal on his left",He does not hit any other part,D,7.0,4.0,query,482.575,1931,2400,False,0.0,B,B,D,"['The snare drum', 'The hi hat', 'One of the toms', 'He does not hit any other part', 'None of the above']",2,0.443,True,fpsbench_000038,late,0.8023,476.575,482.581,482.575,25.0,subPlot_new_all_77.mp4,1907,1930,24,-0.006,0,0,True,28,64,24,0.7857,4.6429,64,1
fpsstream_000039,instance_count,How many times does the cat blink?,5,D,7.0,4.0,query,167.93,672,2400,False,0.0,A,A,D,"['2', '3', '4', '5', 'None of the above']",2,0.4509,True,fpsbench_000039,early,0.2735,161.93,169.938,167.93,30.0,order_16.mp4,648,671,24,-2.008,0,0,True,28,64,24,0.6429,2.1786,64,1
fpsstream_000040,repetitive_motion,How many times does the cat wave its feet up and down?,5,D,8.0,4.0,query,269.628,1079,2400,False,0.0,A,A,D,"['2', '3', '4', '5', 'None of the above']",2,0.3459,True,fpsbench_000040,middle,0.4401,259.628,269.638,269.628,24.0,subPlot_new_all_49.mp4,1039,1078,40,-0.01,0,0,True,28,64,40,0.6071,4.7857,64,1
fpsstream_000041,action_order,What is the order of the actions leading up to the scored basket?,"The player with the ball holds it, fakes a pass, then passes to the running player. That player catches with one hand, pump fakes the ball, dribbles twice, then spins around and lays it up.",C,4.0,4.0,query,496.089,1985,2400,False,100.0,C,C,C,"['The player with the ball holds it,t hen passes to the running player. That player catches with one hand, dribbles twice, pump fakes, then spins around and lays it up.', 'The player with the ball holds it, fakes a pass, then passes to the running player. That player catches with one hand, dribbles twice, then spins around and lays it up.', 'The player with the ball holds it, fakes a pass, then passes to the running player. That player catches with one hand, pump fakes the ball, dribbles twice, then spins around and lays it up.', 'The player with the ball holds it, then passes to the running player. That player catches with one hand, spins around, dribbles twice, pump fakes, and lays it up for a score.', 'None of the above']",2,0.5901,True,fpsbench_000041,late,0.829,489.089,499.099,496.089,25.0,order_38.mp4,1957,1984,28,-3.01,0,0,True,28,64,28,1.0,6.1071,64,1
fpsstream_000042,state_at_event,"What other part of the drumkit, if any, does the drummer hit at the same time as he hits the small cymbal?",The snare drum,A,7.0,4.0,query,122.32,490,2400,False,0.0,B,B,A,"['The snare drum', 'The hi hat', 'One of the toms', 'He does not hit any other part', 'None of the above']",2,0.4811,True,fpsbench_000042,early,0.1999,119.32,122.323,122.32,30.0,surveil_47.mp4,478,489,12,-0.003,0,0,True,28,64,12,0.9643,10.6786,64,1
fpsstream_000043,blink_and_miss,What is the outcome of the swing?,"He strikes the ball, and it flies to the left of the video",C,20.0,4.0,query,247.485,990,2400,False,0.0,B,B,C,"['He misses the ball', 'He strikes the ball, and it flies to the right of the video', 'He strikes the ball, and it flies to the left of the video', 'He strikes the ball, and it flies towards the camera', 'None of the above']",2,0.3617,True,fpsbench_000043,middle,0.4075,242.485,247.485,247.485,30.0,surveil_191.mp4,970,989,20,0.0,0,0,True,28,64,20,1.0,18.9643,64,1
fpsstream_000044,repetitive_motion,How many times does the character duck?,3,C,4.0,4.0,query,442.7,1771,2400,False,0.0,B,B,C,"['1', '2', '3', '4', 'None of the above']",2,0.5156,True,fpsbench_000044,late,0.7343,434.7,442.7,442.7,30.0,order_103.mp4,1739,1770,32,0.0,0,0,True,28,64,32,0.9286,7.9643,64,1
fpsstream_000045,action_order,In what order does the character wearing blue execute their moves?,"jump, punch, flip, punch",A,7.0,4.0,query,103.994,416,2400,False,0.0,B,B,A,"['jump, punch, flip, punch', 'jump, flip, punch, kick', 'kick, spin, flip, punch', 'punch, duck, spin, block', 'None of the above']",2,0.4595,True,fpsbench_000045,early,0.1579,92.994,103.994,103.994,30.0,surveil_127.mp4,372,415,44,0.0,0,0,True,28,64,44,1.0,42.5714,64,1
fpsstream_000046,action_order,Which of the following best describes the order of the blue character's actions?,"The blue character leaps, then does a leg sweep. They do a standing kick, then leap behind the opponent and kick them again, after which they receive a barrage of punches.",C,15.0,4.0,query,290.039,1161,2400,False,0.0,A,A,C,"['The blue character begins with a leg sweep, then leaps high into the air around the opponent to punch them. They then do a series of high leg kicks, leap around once more and receive several punches in return.', 'The blue characters leaps into the air then does a series of high kicks to the opponent. Then, they do a leg sweep and flip over their opponent, and punch them several times.', 'The blue character leaps, then does a leg sweep. They do a standing kick, then leap behind the opponent and kick them again, after which they receive a barrage of punches.', 'The blue character leaps into the air then attacks with a leg sweep. They receive several punches, then leap over the opponent once more to land some punches of their own.', 'None of the above']",2,0.5195,True,fpsbench_000046,middle,0.4738,279.039,290.039,290.039,25.0,subPlot_new_all_104.mp4,1117,1160,44,0.0,0,0,True,28,64,44,1.0,21.3214,64,1
fpsstream_000047,blink_and_miss,What is the outcome of the swing?,"He strikes the ball, and it flies to the right of the video",B,13.0,4.0,query,528.603,2115,2400,False,100.0,B,B,B,"['He misses the ball', 'He strikes the ball, and it flies to the right of the video', 'He strikes the ball, and it flies to the left of the video', 'He strikes the ball, and it flies towards the camera', 'None of the above']",2,0.5117,True,fpsbench_000047,late,0.8804,525.603,528.603,528.603,30.0,order_334.mp4,2103,2114,12,0.0,0,0,True,28,64,12,0.9643,5.6429,64,1
fpsstream_000048,action_order,Which option best describes the order of events while the red and black uniformed players had the ball?,"The player dribbled forward, doing a step-over, then missed a shot. Separately, the ball came towards another red player in the box, who controlled it and passed to another player, who then missed again.",A,5.0,4.0,query,172.641,691,2400,False,0.0,B,B,A,"['The player dribbled forward, doing a step-over, then missed a shot. Separately, the ball came towards another red player in the box, who controlled it and passed to another player, who then missed again.', 'The player dribbled forward, and passed to their teammate, after which the ball went out for a corner-kick. The ball went to another teammate, who passed it, but resulted in a missed shot.', 'The player ran forward, receiving a pass then missing a shot for a corner kick. The ball came to another teammate, who headed the ball towards goal but missed.', 'After dribbling, the player passed to their teammate who did a long pass. The pass came to a teammate, who received the ball and passed it to another teammate, who proceeded to score.', 'None of the above']",2,0.5224,True,fpsbench_000048,early,0.2732,160.641,172.641,172.641,25.0,order_92.mp4,643,690,48,0.0,0,0,True,28,64,48,0.8214,4.2857,64,1
fpsstream_000049,action_order,What best describes the order of the orange team's actions?,"A player stretches his leg to control the ball, dribbles forward and lays the ball off to a teammate, who stretches for it. They lose the ball but an orange player quickly recovers it , spins around,  then passes it backwads to a teammate who scores a long-range goal.",A,4.0,4.0,query,330.251,1322,2400,False,0.0,B,B,A,"['A player stretches his leg to control the ball, dribbles forward and lays the ball off to a teammate, who stretches for it. They lose the ball but an orange player quickly recovers it , spins around,  then passes it backwads to a teammate who scores a long-range goal.', 'A player stretches out to contorl the ball, then attempts to dribble around a defender. He then passes the ball backwards to a teammate, who in turn lays it off for another teammate to fire a shot and score a long-range goal.', 'A player receives the ball, then dribbles around two defenders. He passes it backwards to a teammate who scores from distance.', 'A player passes the ball to his teammate, but it is intercepted by the opposing team. They in turn dribble forward, but lose the ball to the orange team, who immediately recover, pass the ball into the box and score a close-range goal.', 'None of the above']",2,0.5776,True,fpsbench_000049,middle,0.5412,318.251,330.251,330.251,25.0,subPlot_new_all_25.mp4,1274,1321,48,0.0,0,0,True,28,64,48,0.5714,0.6429,64,1
fpsstream_000050,action_order,What best describes the sequence of the highlighted player's actions after the ball is snapped?,"He shuffles right, engages with a lineman, sheds a block then stops the runner with a big tackle.",A,7.0,4.0,query,443.286,1774,2400,False,100.0,A,A,A,"['He shuffles right, engages with a lineman, sheds a block then stops the runner with a big tackle.', 'He blocks a lineman, then tackles him for a big loss.', 'He shuffles right then stops the ball carrier.', 'He sprints to the ball carrier in the backfiedl and stops him for a loss.', 'None of the above']",2,0.3576,True,fpsbench_000050,late,0.7407,436.286,447.297,443.286,25.0,subPlot_new_all_133.mp4,1746,1773,28,-4.011,0,0,True,28,64,28,1.0,3.8214,64,1
fpsstream_000051,action_order,What best describes the sequence of the highlighted player's actions after the ball is snapped?,"They wait for the ball carrier to move towards the sideline and into the other player, after which they go for a tackle.",A,5.0,4.0,query,155.734,623,2400,False,0.0,B,B,A,"['They wait for the ball carrier to move towards the sideline and into the other player, after which they go for a tackle.', 'They charge towards the ball carrier and make a large tackle for loss.', 'They backpedal, waiting for the ball carrier to come, then strip the ball for a fumble.', 'They immediately engage with the opposing players, hodling them in place while the ball carrier is tackled.', 'None of the above']",2,0.4554,True,fpsbench_000051,early,0.2504,147.734,157.744,155.734,24.0,order_146.mp4,591,622,32,-2.01,0,0,True,28,64,32,0.7857,3.8929,64,1
fpsstream_000052,action_order,What best describes the player with the ball's order of actions?,"They run towards the scrum, then cut right towards the sideline. They run theough a gap and make a large gain, finishing the play with a touchdown.",A,9.0,4.0,query,352.747,1411,2400,False,100.0,A,A,A,"['They run towards the scrum, then cut right towards the sideline. They run theough a gap and make a large gain, finishing the play with a touchdown.', 'They receive the ball and sprint around the scrum, running past all the other players for a touchdown.', 'They catch a short pass from the quarterback, cut through the pile and run the ball for a large gain and touchdwon,', 'They pass the ball to another player, who runs the ball for a touchdown.', 'None of the above']",2,0.5575,True,fpsbench_000052,middle,0.5795,340.747,352.759,352.747,25.0,subPlot_new_all_168.mp4,1363,1410,48,-0.012,0,0,True,28,64,48,0.6786,1.2143,64,1
fpsstream_000053,action_order,What best describes the player hilghited with arrow's order of actions in the clip?,"They backpedal, watching the quarterback. The QB makes an overthrow, and the player easily intercepts the pass.",B,5.0,4.0,query,431.674,1727,2400,False,0.0,A,A,B,"['They backpedal slowly, waiting for the quarterback to throw. They engage the receiver, leap into the air and make an acrobatic interception.', 'They backpedal, watching the quarterback. The QB makes an overthrow, and the player easily intercepts the pass.', 'They closely cover the wide receiver. making a leaping catch to intercept the pass.', 'They closely cover the receiver, breaking up the pass and leading to an incompletion.', 'None of the above']",2,0.339,True,fpsbench_000053,late,0.7152,422.674,431.683,431.674,30.0,surveil_23.mp4,1691,1726,36,-0.009,0,0,True,28,64,36,1.0,30.5,64,1
fpsstream_000054,action_order,What best describes the quarterback's order of actions in the clip?,"They receive the snap, drop back and roll out to their right. A lineman then sacks them for a loss.",C,6.0,4.0,query,73.332,294,2400,False,0.0,A,A,C,"['They receive the snap, drop back, then roll to the right and immediately complete a short pass to their teammate.', 'They receive the snap, handing the ball off to a runningback who is then tackled for a loss.', 'They receive the snap, drop back and roll out to their right. A lineman then sacks them for a loss.', 'They receive the snap, and run to the right carrying the ball, but run into a defender who makes a sack.', 'None of the above']",2,0.5754,True,fpsbench_000054,early,0.1073,63.332,73.342,73.332,25.0,subPlot_new_all_190.mp4,254,293,40,-0.01,0,0,True,28,64,40,0.9643,8.7857,64,1
fpsstream_000055,action_order,Which best describes the sequence of actions taken by the blue team?,"The blue team ran towards the sideline, threw the ball inbounds, then passed backwards a few times. They then did a long run forward, passed backwards and were tackled.",B,5.0,4.0,query,326.082,1305,2400,False,100.0,B,B,B,"['The blue team threw the ball inbounds, then passed backwards. They ran to the sideline, passed backwards and were then tackled', 'The blue team ran towards the sideline, threw the ball inbounds, then passed backwards a few times. They then did a long run forward, passed backwards and were tackled.', 'The blue team ran towards the sideline, then thre the ball in bounds. They did a long run forward, passed backward a few times, and were then tackled.', 'The blue team threw the ball in, passed it backwards a few times, and then were tackled while running towards the sideline.', 'None of the above']",2,0.5953,True,fpsbench_000055,middle,0.5349,315.082,326.082,326.082,25.0,order_12.mp4,1261,1304,44,0.0,0,0,True,28,64,44,0.8214,2.9643,64,1
fpsstream_000056,action_order,What was the correct sequence of actions taken by the team wearing blue?,"The blue team throws the ball in, catches it and passes it backwards. After a few more passes, a player makes it through and passes it off to a teammate who is finally tackled.",D,5.0,4.0,query,497.645,1991,2400,False,0.0,C,C,D,"['The blue team receives a backward pass, and passes the ball around before charging forward. They are immediately tackled by the opposing team for a short gain.', 'The blue team inbounds the ball, then passes it backwards three times. They attempt to run forward, but are quickly tackled.', 'The blue team passes the ball backwards, then runs forward. They complete one pass then eventually make it through the scrum, and pass it off a few times before being tackled.', 'The blue team throws the ball in, catches it and passes it backwards. After a few more passes, a player makes it through and passes it off to a teammate who is finally tackled.', 'None of the above']",2,0.4935,True,fpsbench_000056,late,0.8262,486.645,497.645,497.645,30.0,count_185.mp4,1947,1990,44,0.0,0,0,True,28,64,44,0.7143,1.5357,64,1
fpsstream_000057,action_order,What best describes the quarterback's actions?,"He receives the snap, then fakes the handoff to the running back. He takes a three-step drop, looking for a pass, then tucks the ball and runs. He breaks one tackle, then an another, and makes it into the open field, where he jukes left and eventually runs out of bounds.",A,4.0,4.0,query,184.009,737,2400,False,0.0,C,C,A,"['He receives the snap, then fakes the handoff to the running back. He takes a three-step drop, looking for a pass, then tucks the ball and runs. He breaks one tackle, then an another, and makes it into the open field, where he jukes left and eventually runs out of bounds.', 'He receives the snap, then fakes the handoff to the running back. He then tucks the ball and runs. He breaks one tackle, then an another, and makes it into the open field, where he jukes left and eventually runs out of bounds.', 'He receives the snap, then fakes the handoff to the running back. He takes a three-step drop, looking for a pass, then tucks the ball and runs. He breaks a tackle and makes it into the open field, where he jukes left and eventually runs out of bounds.', 'He receives the snap, then takes a three-step drop, looking for a pass. He then tucks the ball and runs. He breaks a tackle and makes it into the open field, where he jukes left and eventually runs out of bounds.', 'None of the above']",2,0.53,True,fpsbench_000057,early,0.2937,173.009,184.02,184.009,25.0,subPlot_new_all_195.mp4,693,736,44,-0.011,0,0,True,28,64,44,0.9643,5.3929,64,1
fpsstream_000058,repetitive_motion,How many cars overtake the dashcam car?,12,D,23.0,4.0,query,306.04,1225,2400,False,0.0,A,A,D,"['9', '10', '11', '12', 'None of the above']",2,0.5183,True,fpsbench_000058,middle,0.5068,302.04,306.04,306.04,25.0,movie101_0.mp4,1209,1224,16,0.0,0,0,True,28,64,16,0.7143,4.0,64,1
fpsstream_000059,repetitive_motion,How many times does the robot rotate the bottle cap?,7,A,4.0,4.0,query,515.526,2063,2400,False,100.0,A,A,A,"['7', '8', '9', '10', 'None of the above']",2,0.5735,True,fpsbench_000059,late,0.8564,503.526,515.538,515.526,25.0,subPlot_new_all_147.mp4,2015,2062,48,-0.012,0,0,True,28,64,48,1.0,11.7143,64,1
fpsstream_000060,repetitive_motion,How many times does the ballet dancer rotate?,7,C,7.0,4.0,query,73.797,296,2400,False,0.0,B,B,C,"['5', '6', '7', '8', 'None of the above']",2,0.4999,True,fpsbench_000060,early,0.1036,60.797,73.797,73.797,30.0,order_66.mp4,244,295,52,0.0,0,0,True,28,64,52,0.9643,15.7143,64,1
fpsstream_000061,repetitive_motion,How many times does he throw the bottle with his right hand?,5,B,5.0,4.0,query,258.338,1034,2400,False,0.0,A,A,B,"['3', '5', '6', '7', 'None of the above']",2,0.3404,True,fpsbench_000061,middle,0.4238,251.338,258.345,258.338,30.0,order_95.mp4,1006,1033,28,-0.007,0,0,True,28,64,28,1.0,8.7857,64,1
fpsstream_000062,blink_and_miss,What is the outcome of the swing?,"He strikes the ball, and it flies to the right of the video",B,15.0,4.0,query,467.704,1871,2400,False,100.0,B,B,B,"['He misses the ball', 'He strikes the ball, and it flies to the right of the video', 'He strikes the ball, and it flies to the left of the video', 'He strikes the ball, and it flies towards the camera', 'None of the above']",2,0.3267,True,fpsbench_000062,late,0.7816,462.704,470.704,467.704,30.0,order_68.mp4,1851,1870,20,-3.0,0,0,True,28,64,20,1.0,11.0,64,1
fpsstream_000063,blink_and_miss,What is the outcome of the swing?,"He strikes the ball, and it flies to the right of the video",B,5.0,4.0,query,172.737,691,2400,False,100.0,B,B,B,"['He misses the ball', 'He strikes the ball, and it flies to the right of the video', 'He strikes the ball, and it flies to the left of the video', 'He strikes the ball, and it flies towards the camera', 'None of the above']",2,0.538,True,fpsbench_000063,early,0.2831,168.737,172.737,172.737,24.0,subPlot_new_all_32.mp4,675,690,16,0.0,0,0,True,28,64,16,0.7857,4.6071,64,1
fpsstream_000064,repetitive_motion,How many times did he hit the hammer?,6,D,7.0,4.0,query,296.077,1185,2400,False,0.0,C,C,D,"['3', '4', '5', '6', 'None of the above']",2,0.5644,True,fpsbench_000064,middle,0.4875,289.077,296.084,296.077,25.0,subPlot_new_all_95.mp4,1157,1184,28,-0.007,0,0,True,28,64,28,0.6786,7.25,64,1
fpsstream_000065,fine_grained_motion,The ball touches which of these items before falling into the glass of water and how many times?,"once on one bar stool, once on the other bar stool, once on the table, once on the ramp",D,6.0,4.0,query,439.064,1757,2400,False,0.0,A,A,D,"['once on a bar stool, once on the table, once on the ramp', 'once on a bar stool, once on the table, once on the ramp, once on the couch', 'once on a bar stool, once on the table, once on the couch', 'once on one bar stool, once on the other bar stool, once on the table, once on the ramp', 'None of the above']",2,0.5734,True,fpsbench_000065,late,0.7282,431.064,439.072,439.064,25.0,subPlot_new_all_82.mp4,1725,1756,32,-0.008,0,0,True,28,64,32,0.6786,3.4286,64,1
fpsstream_000066,blink_and_miss,What is the outcome of the swing?,"He strikes the ball, and it flies to the top of the video",A,7.0,4.0,query,158.835,636,2400,False,100.0,A,A,A,"['He strikes the ball, and it flies to the top of the video', 'He strikes the ball, and it flies to the right of the video', 'He strikes the ball, and it flies to the left of the video', 'He strikes the ball, and it flies towards the camera', 'None of the above']",2,0.5031,True,fpsbench_000066,early,0.2573,151.835,161.835,158.835,30.0,count_4.mp4,608,635,28,-3.0,0,0,True,28,64,28,0.8214,3.5357,64,1
fpsstream_000067,blink_and_miss,What is the outcome of the swing?,"He strikes the ball, and it flies to the right of the video",B,7.0,4.0,query,349.255,1398,2400,False,100.0,B,B,B,"['He misses the ball', 'He strikes the ball, and it flies to the right of the video', 'He strikes the ball, and it flies to the left of the video', 'He strikes the ball, and it flies towards the camera', 'None of the above']",2,0.5032,True,fpsbench_000067,middle,0.5779,343.255,349.255,349.255,30.0,surveil_100.mp4,1374,1397,24,0.0,0,0,True,28,64,24,1.0,21.7143,64,1
fpsstream_000068,instance_count,How many times did he hit the cymbal?,8,B,14.0,4.0,query,507.426,2030,2400,False,100.0,B,B,B,"['4', '8', '9', '10', 'None of the above']",2,0.5614,True,fpsbench_000068,late,0.8434,498.426,507.452,507.426,30.0,order_17.mp4,1994,2029,36,-0.026,0,0,True,28,64,36,0.9643,8.5357,64,1
fpsstream_000069,blink_and_miss,What is the outcome of the swing?,"He strikes the ball, and it flies to the top of the video",A,7.0,4.0,query,77.311,310,2400,False,100.0,A,A,A,"['He strikes the ball, and it flies to the top of the video', 'He strikes the ball, and it flies to the right of the video', 'He strikes the ball, and it flies to the left of the video', 'He strikes the ball, and it flies towards the camera', 'None of the above']",2,0.5909,True,fpsbench_000069,early,0.1215,72.311,77.311,77.311,30.0,order_63.mp4,290,309,20,0.0,0,0,True,28,64,20,0.9286,6.75,64,1
fpsstream_000070,blink_and_miss,What is the outcome of the swing?,"He strikes the ball, and it flies to the left of the video",C,5.0,4.0,query,252.283,1010,2400,False,0.0,A,A,C,"['He strikes the ball, and it flies to the top of the video', 'He strikes the ball, and it flies to the right of the video', 'He strikes the ball, and it flies to the left of the video', 'He strikes the ball, and it flies towards the camera', 'None of the above']",2,0.8147,True,fpsbench_000070,middle,0.4146,246.283,252.283,252.283,25.0,subPlot_new_all_50.mp4,986,1009,24,0.0,0,0,True,28,64,24,0.8929,7.7143,64,1
fpsstream_000071,fine_grained_motion,"Does the singer on the left point, if so, what direction",He points up,C,7.0,4.0,query,512.099,2049,2400,False,0.0,B,B,C,"['He does not ever point', 'He points at the crowd', 'He points up', 'He points down', 'None of the above']",2,0.577,True,fpsbench_000071,late,0.8544,504.099,514.109,512.099,30.0,order_50.mp4,2017,2048,32,-2.01,0,0,True,28,64,32,0.7857,2.2143,64,1
fpsstream_000072,fine_grained_motion,What does the main singer in frame do with his left hand?,He does a small wave,A,5.0,4.0,query,109.965,440,2400,False,100.0,A,A,A,"['He does a small wave', 'he points at himself', 'he pumps his fist', 'He does nothing with his left hand', 'None of the above']",2,0.8028,True,fpsbench_000072,early,0.1711,100.965,110.975,109.965,30.0,order_49.mp4,404,439,36,-1.01,0,0,True,28,64,36,0.8929,19.1071,64,1
fpsstream_000073,blink_and_miss,What is the outcome of the swing?,"He strikes the ball, and it flies to the top of the video",A,9.0,4.0,query,326.921,1308,2400,False,100.0,A,A,A,"['He strikes the ball, and it flies to the top of the video', 'He strikes the ball, and it flies to the right of the video', 'He strikes the ball, and it flies to the left of the video', 'He strikes the ball, and it flies towards the camera', 'None of the above']",2,0.606,True,fpsbench_000073,middle,0.5426,323.921,326.921,326.921,25.0,subPlot_new_all_182.mp4,1296,1307,12,0.0,0,0,True,28,64,12,1.0,10.1071,64,1
fpsstream_000074,blink_and_miss,"Is there a camera flash at some point in the video? If so, does it distract the conductor?","There is a camera flash, the conductor does not react",B,14.0,4.0,query,455.414,1822,2400,False,100.0,B,B,B,"['There is no camera flash', 'There is a camera flash, the conductor does not react', 'There is a camera flash, the conductor reacts to it', 'There is no conductor', 'None of the above']",2,0.6122,True,fpsbench_000074,late,0.7612,451.414,458.414,455.414,30.0,order_22.mp4,1806,1821,16,-3.0,0,0,True,28,64,16,0.4286,0.75,64,1
fpsstream_000075,fine_grained_motion,How is the conductor's left hand best described when he raises it with his palm up?,His hand trembles,C,14.0,4.0,query,69.725,279,2400,False,100.0,C,C,C,"['It is steady', 'His hand moves slowly', 'His hand trembles', 'He does not raise his hand', 'None of the above']",2,0.5401,True,fpsbench_000075,early,0.1063,62.725,72.725,69.725,25.0,subPlot_new_all_172.mp4,251,278,28,-3.0,0,0,True,28,64,28,0.9643,8.8929,64,1
fpsstream_000076,fine_grained_motion,What does the goalie use to block the first shot?,His hands,D,7.0,4.0,query,240.794,964,2400,False,0.0,C,C,D,"['His torso', 'His head', 'His legs / feet', 'His hands', 'None of the above']",2,0.5937,True,fpsbench_000076,middle,0.4003,233.794,249.81,240.794,30.0,order_258.mp4,936,963,28,-9.016,0,0,True,28,64,28,0.9643,9.5714,64,1
fpsstream_000077,fine_grained_motion,What does the goalie use to block the first shot?,His hands,D,14.0,4.0,query,457.06,1829,2400,False,0.0,C,C,D,"['His torso', 'His head', 'His legs / feet', 'His hands', 'None of the above']",2,0.599,True,fpsbench_000077,late,0.7726,455.06,466.071,457.06,30.0,count_139.mp4,1821,1828,8,-9.011,0,0,True,28,64,8,0.7857,1.5357,64,1
fpsstream_000078,fine_grained_motion,How does the player score?,He scores with his head,D,9.0,4.0,query,114.118,457,2400,False,100.0,D,D,D,"['He does not score', 'He scores with his chest', 'He scores with his feet', 'He scores with his head', 'None of the above']",2,0.5729,True,fpsbench_000078,early,0.1868,109.118,125.118,114.118,24.0,subPlot_new_all_124.mp4,437,456,20,-11.0,0,0,True,28,64,20,1.0,4.4643,64,1
fpsstream_000079,fine_grained_motion,Which of the following actions is not done by the person holding the yellow and orange flag?,Shake his head,C,7.0,4.0,query,271.65,1087,2400,False,0.0,E,E,C,"['Gesture at something with his thumb', 'Shrug his shoulders', 'Shake his head', 'Speak to someone', 'None of the above']",2,0.5326,True,fpsbench_000079,middle,0.4387,256.65,271.65,271.65,24.0,subPlot_new_all_47.mp4,1027,1086,60,0.0,0,0,True,28,64,60,0.6429,1.75,64,1
fpsstream_000080,blink_and_miss,What is the outcome of the swing?,"He strikes the ball, and it flies towards the camera",D,15.0,4.0,query,444.854,1780,2400,False,0.0,A,A,D,"['He strikes the ball, and it flies to the top of the video', 'He strikes the ball, and it flies to the right of the video', 'He strikes the ball, and it flies to the left of the video', 'He strikes the ball, and it flies towards the camera', 'None of the above']",2,0.5091,True,fpsbench_000080,late,0.7397,440.854,444.854,444.854,30.0,count_236.mp4,1764,1779,16,0.0,0,0,True,28,64,16,1.0,12.8929,64,1
fpsstream_000081,fine_grained_motion,"How many fingers does the man raise, if any?",1,B,7.0,4.0,query,125.293,502,2400,False,0.0,A,A,B,"['He does not raise any fingers', '1', '2', '3', 'None of the above']",2,0.5395,True,fpsbench_000081,early,0.1988,117.293,127.293,125.293,30.0,count_18.mp4,470,501,32,-2.0,0,0,True,28,64,32,0.7143,2.6071,64,1
fpsstream_000082,blink_and_miss,What is the outcome of the swing?,"He strikes the ball, and it flies to the left of the video",C,6.0,4.0,query,270.416,1082,2400,False,0.0,B,B,C,"['He misses the ball', 'He strikes the ball, and it flies to the right of the video', 'He strikes the ball, and it flies to the left of the video', 'He strikes the ball, and it flies towards the camera', 'None of the above']",2,0.4519,True,fpsbench_000082,middle,0.4478,266.416,271.416,270.416,30.0,order_83.mp4,1066,1081,16,-1.0,0,0,True,28,64,16,1.0,12.5357,64,1
fpsstream_000083,fine_grained_motion,"Other than at the viewer and at the computer, what other direction does the man glance?",He looks at something to the right of the screen,C,5.0,4.0,query,466.604,1867,2400,False,0.0,B,B,C,"['He does not glance anywhere else', 'He looks at something to the left of the screen', 'He looks at something to the right of the screen', 'He looks up', 'None of the above']",2,0.4908,True,fpsbench_000083,late,0.7837,461.604,472.615,466.604,30.0,order_210.mp4,1847,1866,20,-6.011,0,0,True,28,64,20,0.9643,4.3929,64,1
fpsstream_000084,fine_grained_motion,The ball touches which of these items before falling into the glass of water and how many times?,"twice on the door, once on the wall, once on the floor",C,4.0,4.0,query,88.563,355,2400,False,0.0,A,A,C,"['once on the door, once on the wall, once on the floor', 'once on the door, twice on the wall, once on the floor', 'twice on the door, once on the wall, once on the floor', 'twice on the door, once on the wall, twice on the floor', 'None of the above']",2,0.5203,True,fpsbench_000084,early,0.1433,84.563,94.563,88.563,30.0,surveil_146.mp4,339,354,16,-6.0,0,0,True,28,64,16,0.75,9.8929,64,1
fpsstream_000085,blink_and_miss,What is the outcome of the swing?,"He strikes the ball, and it flies to the left of the video",C,5.0,4.0,query,274.045,1097,2400,False,0.0,B,B,C,"['He misses the ball', 'He strikes the ball, and it flies to the right of the video', 'He strikes the ball, and it flies to the left of the video', 'He strikes the ball, and it flies towards the camera', 'None of the above']",2,0.4293,True,fpsbench_000085,middle,0.4549,272.045,274.045,274.045,25.0,movie101_109.mp4,1089,1096,8,0.0,0,0,True,28,64,8,1.0,7.8929,64,1
fpsstream_000086,blink_and_miss,What is the outcome of the swing?,"He strikes the ball, and it flies to the left of the video",C,6.0,4.0,query,486.898,1948,2400,False,0.0,B,B,C,"['He misses the ball', 'He strikes the ball, and it flies to the right of the video', 'He strikes the ball, and it flies to the left of the video', 'He strikes the ball, and it flies towards the camera', 'None of the above']",2,0.6497,True,fpsbench_000086,late,0.8116,482.898,487.903,486.898,25.0,subPlot_new_all_140.mp4,1932,1947,16,-1.005,0,0,True,28,64,16,0.9643,7.6429,64,1
fpsstream_000087,blink_and_miss,What is the outcome of the swing?,"He strikes the ball, and it flies to the top of the video",A,6.0,4.0,query,63.949,256,2400,False,100.0,A,A,A,"['He strikes the ball, and it flies to the top of the video', 'He strikes the ball, and it flies to the right of the video', 'He strikes the ball, and it flies to the left of the video', 'He strikes the ball, and it flies towards the camera', 'None of the above']",2,0.4827,True,fpsbench_000087,early,0.1021,60.949,63.952,63.949,24.0,subPlot_new_all_37.mp4,244,255,12,-0.003,0,0,True,28,64,12,1.0,9.4286,64,1
fpsstream_000088,fine_grained_motion,What does the man point at using his index finger?,At the viewer,C,7.0,4.0,query,293.044,1173,2400,False,100.0,C,C,C,"['At the car', 'At the sky', 'At the viewer', 'He does not point at anything', 'None of the above']",2,0.4832,True,fpsbench_000088,middle,0.4769,278.044,295.061,293.044,25.0,subPlot_new_all_45.mp4,1113,1172,60,-2.017,0,0,True,28,64,60,0.9643,11.1429,64,1
fpsstream_000089,repetitive_motion,How many times does the woman spin?,8,D,5.0,4.0,query,454.828,1820,2400,False,0.0,B,B,D,"['5', '6', '7', '8', 'None of the above']",2,0.4804,True,fpsbench_000089,late,0.7552,447.828,454.828,454.828,25.0,order_14.mp4,1792,1819,28,0.0,0,0,True,28,64,28,0.6429,0.8929,64,1
fpsstream_000090,repetitive_motion,How many times does the man spin?,7,A,4.0,4.0,query,178.401,714,2400,False,100.0,A,A,A,"['7', '8', '9', '10', 'None of the above']",2,0.5,True,fpsbench_000090,early,0.2895,171.401,179.401,178.401,30.0,order_54.mp4,686,713,28,-1.0,0,0,True,28,64,28,0.9286,5.5,64,1
fpsstream_000091,repetitive_motion,How many times does he rotate the gear?,4,B,5.0,4.0,query,291.515,1167,2400,False,0.0,A,A,B,"['2', '4', '5', '6', 'None of the above']",2,0.425,True,fpsbench_000091,middle,0.4789,283.515,291.523,291.515,24.0,4.mp4,1135,1166,32,-0.008,0,0,True,28,64,32,0.8571,2.2143,64,1
fpsstream_000092,repetitive_motion,How many times did he bounce the basketball?,6,C,5.0,4.0,query,501.501,2007,2400,False,0.0,B,B,C,"['3', '5', '6', '7', 'None of the above']",2,0.4596,True,fpsbench_000092,late,0.8336,493.501,501.509,501.501,30.0,surveil_15.mp4,1975,2006,32,-0.008,0,0,True,28,64,32,0.9643,24.5357,64,1
fpsstream_000093,blink_and_miss,What is the outcome of the swing?,"He strikes the ball, and it flies to the right at a high angle",B,7.0,4.0,query,179.111,717,2400,False,100.0,B,B,B,"['He strikes the ball, and it flies to the right at a low angle', 'He strikes the ball, and it flies to the right at a high angle', 'He strikes the ball, and it flies to the left at a high angle', 'He strikes the ball, and it flies to the left at a low angle', 'None of the above']",2,0.4869,True,fpsbench_000093,early,0.2878,170.111,179.111,179.111,25.0,subPlot_new_all_61.mp4,681,716,36,0.0,0,0,True,28,64,36,1.0,11.9286,64,1
fpsstream_000094,instance_count,How many keys does he press with his left hand?,7,D,6.0,4.0,query,276.672,1107,2400,False,0.0,B,B,D,"['3', '5', '6', '7', 'None of the above']",2,0.6185,True,fpsbench_000094,middle,0.4548,269.672,276.672,276.672,25.0,order_79.mp4,1079,1106,28,0.0,0,0,True,28,64,28,1.0,11.7857,64,1
fpsstream_000095,blink_and_miss,What is the outcome of the swing?,"He strikes the ball, and it flies to the right at a high angle",B,7.0,4.0,query,488.711,1955,2400,False,100.0,B,B,B,"['He strikes the ball, and it flies to the right at a low angle', 'He strikes the ball, and it flies to the right at a high angle', 'He strikes the ball, and it flies to the left at a high angle', 'He strikes the ball, and it flies to the left at a low angle', 'None of the above']",2,0.6855,True,fpsbench_000095,late,0.8136,485.711,488.711,488.711,30.0,order_319.mp4,1943,1954,12,0.0,0,0,True,28,64,12,0.9643,8.3929,64,1
fpsstream_000096,repetitive_motion,How many times did he sharpen the knife?,4,B,4.0,4.0,query,154.576,619,2400,False,0.0,A,A,B,"['3', '4', '5', '6', 'None of the above']",2,0.5152,True,fpsbench_000096,early,0.2399,140.576,154.576,154.576,24.0,subPlot_new_all_39.mp4,563,618,56,0.0,0,0,True,28,64,56,0.9286,8.8929,64,1
fpsstream_000097,action_order,What order best describes the sequence of the player on the right's attacks?,"crouch, punch, punch, stand, low kick, fire punch, fire punch, knee, low punch, grab, lift, knee x3",A,5.0,4.0,query,276.678,1107,2400,False,100.0,A,A,A,"['crouch, punch, punch, stand, low kick, fire punch, fire punch, knee, low punch, grab, lift, knee x3', 'crouch, punch, stand, fire punch, fire punch, fire punch, knee, grab, lift, knee x3', 'crouch, punch, punch,  punch, low kick, stand, fire punch, knee, low punch, grab, lift, knee x3', 'crouch, punch, punch, stand,  punch,  punch, low kick, fire punch,  knee, fire punch, low punch, grab, lift, knee x3', 'None of the above']",2,0.6059,True,fpsbench_000097,middle,0.452,266.678,276.678,276.678,25.0,order_90.mp4,1067,1106,40,0.0,0,0,True,28,64,40,0.8929,5.3929,64,1
fpsstream_000098,action_order,What order best describes the sequence of the player on the right's attacks?,"leaping kick, crouch, block punch, kick, knock into air, charge up, knock up, knock upwards again, final flurry of punches",C,5.0,4.0,query,426.499,1706,2400,False,100.0,C,C,C,"['crouch, block punch, knock into air, kick, charge up,  final flurry of punches', 'leaping kick, crouch, block punch, knock into air, kick, charge up, knock up, knock upwards again, final flurry of punches', 'leaping kick, crouch, block punch, kick, knock into air, charge up, knock up, knock upwards again, final flurry of punches', 'crouch, block punch, kick, knock into air, charge up, final flurry of punches', 'None of the above']",2,0.5123,True,fpsbench_000098,late,0.7054,415.499,426.499,426.499,30.0,surveil_124.mp4,1662,1705,44,0.0,0,0,True,28,64,44,0.8571,24.3571,64,1
fpsstream_000099,action_order,What best describes the sequence of the character wearing blue's attacks?,"punch, kick and knock backwards, dash forward, knock up with a stick, teleport to enemy in midair, knock further back into air, dash forward, receive flaming punches",B,5.0,4.0,query,86.001,345,2400,False,0.0,C,C,B,"['kick in face and knock backward, dash forward, knock up with a stick, teleport to enemy in midair, knock further back into air, dash forward, receive flaming punches', 'punch, kick and knock backwards, dash forward, knock up with a stick, teleport to enemy in midair, knock further back into air, dash forward, receive flaming punches', 'Dash forward, punch, kick and knock backwards, knock up with a stick, teleport to enemy in midair,dash forward, knock further back into air, receive flaming punches', 'punch,  knock into air with a stick, teleport to enemy in midair,dash forward, knock further back into air, receive flaming punches', 'None of the above']",2,0.5586,True,fpsbench_000099,early,0.1303,77.001,86.01,86.001,25.0,subPlot_new_all_176.mp4,309,344,36,-0.009,0,0,True,28,64,36,1.0,33.1786,64,1
fpsstream_000100,action_order,What best describes the order of actions during the special rapid attack sequence?,"The blue player charges up an attack and swings, but the orange player disappears, reappearing behind the blue. The blue player then disappears and reappears behind orange, swinging their weapon. The orange player teleports behind blue again, doing a roundhouse kick, and the blue player again teleports behind the orange player. The orange player dashes backwards away.",D,6.0,4.0,query,338.82,1356,2400,False,0.0,A,A,D,"['The blue player charges up an attack and swings, then disappears and reappears behind orange, swinging their weapon. The orange player teleports behind blue, doing a roundhouse kick, and the blue player responds with a flaming punch. The orange player dashes backwards away.', 'The blue player charges up an attack and swings, but the orange player disappears, reappearing behind the blue. The orange player teleports again, doing a roundhouse kick, and the blue player then teleports behind the orange player. The orange player dashes backwards away.', 'The blue player charges up an attack and swings, then disappears and reappears behind orange, swinging their weapon. The orange player teleports behind blue again, doing a roundhouse kick, and the blue player again teleports behind the orange player. The orange player dashes backwards away.', 'The blue player charges up an attack and swings, but the orange player disappears, reappearing behind the blue. The blue player then disappears and reappears behind orange, swinging their weapon. The orange player teleports behind blue again, doing a roundhouse kick, and the blue player again teleports behind the orange player. The orange player dashes backwards away.', 'None of the above']",2,0.5434,True,fpsbench_000100,middle,0.5634,331.82,342.831,338.82,25.0,subPlot_new_all_30.mp4,1328,1355,28,-4.011,0,0,True,28,64,28,0.9643,11.9643,64,1
fpsstream_000101,action_order,Which option best matches the sequence of attacks executed by the character wearing blue?,"spin, leap behind opponent, spinning kick, spinning leap over the opponent, crouching kick, kick, punch, leaping kick, leg sweep, punch, KO",C,5.0,4.0,query,527.293,2110,2400,False,0.0,A,A,C,"['leap behind oponent, spinning kick, punch, spinning leap over the opponent, spin, crouching kick, punch,kick, leaping kick, leg sweep, punch, KO', 'spin, leap behind opponent, spinning kick,crouching kick, spinning leap over the opponent, kick, punch, leaping kick, leg sweep, punch, KO', 'spin, leap behind opponent, spinning kick, spinning leap over the opponent, crouching kick, kick, punch, leaping kick, leg sweep, punch, KO', 'spin, leap behind oponent,spinning leap over the opponent, spinning kick, crouching kick, punch, kick, leaping kick, leg sweep, punch, KO', 'None of the above']",2,0.4962,True,fpsbench_000101,late,0.877,518.293,527.293,527.293,25.0,movie101_25.mp4,2074,2109,36,0.0,0,0,True,28,64,36,0.9643,10.3214,64,1
fpsstream_000102,action_order,Which option best matches the sequence of attacks executed by the character wearing blue?,"leaping kick, punch, punch, keaping kick, get knocked back, spinning leap over oponent, punch, get knocked on back, get up, leaping kick, get kicked, arm swipe, leap over opponent, counterpunch",B,5.0,4.0,query,95.364,382,2400,False,100.0,B,B,B,"['leaping kick, punch, leaping kick, punch, punch get knocked back,unch, get knocked on back, get up, leaping kick, get kicked,  spinning leap over opponent, arm swipe, leap over opponent, counterpunch', 'leaping kick, punch, punch, keaping kick, get knocked back, spinning leap over oponent, punch, get knocked on back, get up, leaping kick, get kicked, arm swipe, leap over opponent, counterpunch', 'kick, leaping kick, punch, get knocked back, get up, punch get knocked on back, arm swipe, leap over opponent, counterpunch', 'kick, leaping kick, punch, leaping kick, punch, get knocked back, get up, punch get knocked on back, , get up, spinning leap over opponent, arm swipe, leap over opponent, counterpunch', 'None of the above']",2,0.4995,True,fpsbench_000102,early,0.1447,85.364,95.364,95.364,25.0,subPlot_new_all_36.mp4,342,381,40,0.0,0,0,True,28,64,40,1.0,22.7143,64,1
fpsstream_000103,action_order,Which sequence best matches the order of the white-haired fighter's actions?,"Leaping kick, land, dash forward, low spin, dodge attack and place in headlock, grab sword, flip opponent to ground, push off enemy into the air, land, dodge attack and counterpunch",B,4.0,4.0,query,304.241,1217,2400,False,0.0,A,A,B,"['Leaping kick, land, low spin, dash forward, grab sword, flip opponent to ground, dodge attack and place in headlock, push off enemy into the air, land, dodge attack and counterpunch', 'Leaping kick, land, dash forward, low spin, dodge attack and place in headlock, grab sword, flip opponent to ground, push off enemy into the air, land, dodge attack and counterpunch', 'dash forward, leaping kick, land, low spin, dodge attack, grab sword,  place in headlock, flip opponent to ground, push off enemy into the air, land, dodge attack and counterpunch', 'dash forward, leaping kick, land, low spin, dodge attack, place in headlock, flip opponent to ground, grab sword, punch, push off enemy into the air, land, dodge attack and counterpunch', 'None of the above']",2,0.3959,True,fpsbench_000103,middle,0.4979,293.241,304.252,304.241,30.0,order_315.mp4,1173,1216,44,-0.011,0,0,True,28,64,44,0.8214,5.3929,64,1
fpsstream_000104,action_order,What best describes the order of actions during the clip?,"Two men rush at the black-suited man.The long-haired man appears behind to kick, but the suited man dodges again. The old man appears and aims five punches in quick succession, the last cutting the suited man's face. The suited man is able to leap quickly out of danger.",C,6.0,4.0,query,429.561,1719,2400,False,0.0,D,D,C,"[""Two men rush at the black-suited man.  The long-haired man appears behind to kick, but the suited man dodges. He swipes at the black suited man, but he dodges again. The old man appears and aims three punches in quick succession, the last cutting the suited man's face. The old man lands a karate chop on the suited man's head, but the suited man is able to leap quickly out of danger."", ""Two men rush at the black-suited man. The long-haired man appears behind to kick, but the suited man dodges again. The old man appears and aims a punch, cutting the suited man's face. The old man lands a karate chop on the suited man's head, but the suited man is able to leap quickly out of danger."", ""Two men rush at the black-suited man.The long-haired man appears behind to kick, but the suited man dodges again. The old man appears and aims five punches in quick succession, the last cutting the suited man's face. The suited man is able to leap quickly out of danger."", ""Two men rush at the black-suited man. One swipes at the black suited man, but he dodges. The long-haired man appears behind to kick, but the suited man dodges again. The old man appears and aims five punches in quick succession, the last cutting the suited man's face. The old man lands a karate chop on the suited man's head, but the suited man is able to leap quickly out of danger."", 'None of the above']",2,0.5106,True,fpsbench_000104,late,0.7121,421.561,429.561,429.561,25.0,subPlot_new_all_174.mp4,1687,1718,32,0.0,0,0,True,28,64,32,0.7143,3.3929,64,1
fpsstream_000105,action_order,What best describes the order of actions during the clip?,"The old man charges up an attack, then launches it at the white shirted man, knocking him back. As the old man rushes forward, the long-haired man charges up an attack. The old man grabs the white shirted man, punching him rapidly. The long haired man rises into the air, charging two enormous balls of energy and finally discharging them at the white shirted man.",B,5.0,4.0,query,137.404,550,2400,False,0.0,D,D,B,"['The old man charges up an attack, then launches it at the white shirted man, knocking him back. The long-haired man charges up an attack. The old man rushes forward and grabs the white shirted man, punching him rapidly. The long haired man rises into the air, charging two enormous balls of energy and finally discharging them at the white shirted man.', 'The old man charges up an attack, then launches it at the white shirted man, knocking him back. As the old man rushes forward, the long-haired man charges up an attack. The old man grabs the white shirted man, punching him rapidly. The long haired man rises into the air, charging two enormous balls of energy and finally discharging them at the white shirted man.', 'The old man charges up an attack, then launches it at the white shirted man, knocking him back.  The old man rushes forward and grabs the white shirted man, punching him rapidly.The  long haired man charges up an attack and rises into the air, charging two enormous balls of energy and finally discharging them at the white shirted man.', 'The old man charges up an attack, then launches it at the white shirted man, knocking him back.  The  long haired man charges up an attack and rises into the air, charging two enormous balls of energy. The old man rushes forward and grabs the white shirted man, punching him rapidly, and finally discharging the energy at the white shirted man.', 'None of the above']",2,0.3863,True,fpsbench_000105,early,0.2146,126.404,137.404,137.404,24.0,subPlot_new_all_38.mp4,506,549,44,0.0,0,0,True,28,64,44,1.0,12.3929,64,1
fpsstream_000106,action_order,What best describes how the driver moves the wheel during the clip?,"He slowly moves it to the right, then quickly jerks left then right again. He slowly turns left then quickly jerks right and goes back to neutral position.",A,5.0,4.0,query,345.942,1384,2400,False,0.0,B,B,A,"['He slowly moves it to the right, then quickly jerks left then right again. He slowly turns left then quickly jerks right and goes back to neutral position.', 'He quickly moves it to the right, then  jerks left. He slowly moves right, then gradually turrns left before he quickly jerks right, and goes back to neutral position.', 'He quickly moves it to the right, then  slowly turns left. He jerks back to the right, then gradually turrns left before he quickly jerks right again, and goes back to neutral position.', 'He slowly moves it to the right, then  jerks left before slowly tuning right. He jerks left before he slowly turns right again, and jerks back to neutral position.', 'None of the above']",2,0.4594,True,fpsbench_000106,middle,0.5779,340.942,350.952,345.942,25.0,movie101_9.mp4,1364,1383,20,-5.01,0,0,True,28,64,20,0.9643,5.9286,64,1
fpsstream_000107,action_order,What is the correct order of actions taken by the driver during the clip?,"He pulls the handle, then smoothly turns the wheel left. He then turns right all the way back, adjusts the handle, then turns left again, while slightly jerking right then back left.He adjusts the handle, then jerks the wheel hard left, then turns back right to neutral, with two left/right vibrations.",B,6.0,4.0,query,465.557,1863,2400,False,0.0,A,A,B,"['He pulls the handle, then smoothly turns the wheel left. He adjusts the handle, then turns right all the way back,  then turns left again, while slightly jerking right then back left.He  jerks the wheel hard left, then turns back right to neutral, with two left/right vibrations.', 'He pulls the handle, then smoothly turns the wheel left. He then turns right all the way back, adjusts the handle, then turns left again, while slightly jerking right then back left.He adjusts the handle, then jerks the wheel hard left, then turns back right to neutral, with two left/right vibrations.', 'He pulls the handle, then smoothly turns the wheel right. He then turns left all the way back, adjusts the handle, then jerks left again, then slightly jerking right and back left.He then jerks the wheel hard left, adjusts the handle, then turns back right to neutral, with two left/right vibrations.', 'He smoothly turns the wheel right, then pulls the handle. He then turns left all the way back, adjusts the handle again, then slightly jerks right and back left.He then turns the wheel hard left, adjusts the handle, then turns back right to neutral, with two left/right vibrations.', 'None of the above']",2,0.5155,True,fpsbench_000107,late,0.7725,456.557,465.566,465.557,30.0,order_151.mp4,1827,1862,36,-0.009,0,0,True,28,64,36,0.8214,1.1786,64,1
fpsstream_000108,action_order,What order best describes the sequence of actions of people in the video?,"A person walks towards the camera swinging his hands four times and then saluting two times. At the end, another person is seen giving a kiss",A,4.0,4.0,query,161.704,647,2400,False,0.0,C,C,A,"['A person walks towards the camera swinging his hands four times and then saluting two times. At the end, another person is seen giving a kiss', 'A person walks towards the camera swinging his hands three times and then saluting one time. At the end, another person is seen giving a kiss', 'A person walks towards the camera swinging his hands three times and then saluting two times. At the end, another person is seen giving a kiss', 'A person walks towards the camera swinging his hands three times and then saluting three times. At the end, another person is seen giving a kiss', 'None of the above']",2,0.564,True,fpsbench_000108,early,0.2596,153.704,161.704,161.704,30.0,surveil_176.mp4,615,646,32,0.0,0,0,True,28,64,32,0.9286,20.2143,64,1
fpsstream_000109,action_order,What order best describes the sequence of actions taken by the character carrying gun?,"The character runs and jumps across a fence, and then shoots at the green car coming towards him. At the end he aims again at the car but does not shoot",B,4.0,4.0,query,255.854,1024,2400,False,100.0,B,B,B,"['The character runs and jumps across a fence, then aims at the green car but does not shoot. Finally, he shoots at the car', 'The character runs and jumps across a fence, and then shoots at the green car coming towards him. At the end he aims again at the car but does not shoot', 'The character runs and jumps across a fence, shoots at the green car coming towards him, and then shoots at the car a second time', 'The character aims at the green car, then runs and jumps across the fence. Finally, he shoots at the car', 'None of the above']",2,0.5809,True,fpsbench_000109,middle,0.4127,241.854,255.868,255.854,30.0,order_0.mp4,968,1023,56,-0.014,0,0,True,28,64,56,0.8929,5.3929,64,1
fpsstream_000110,action_order,What order best describes the sequence of actions taken by the bald headed character?,"The character walks up the stairs, moves in stealth mode towards a guard facing the other way, and stabs him with a knife on his neck",A,5.0,4.0,query,529.129,2117,2400,False,100.0,A,A,A,"['The character walks up the stairs, moves in stealth mode towards a guard facing the other way, and stabs him with a knife on his neck', 'The character walks up the stairs, moves in stealth mode towards a guard facing the other way, and uses a knife to slit his throat from behind', 'The character walks up the stairs, moves in stealth mode towards a guard facing the other way, and incapacitates him with a sedative syringe to the neck', 'The character walks up the stairs, moves in stealth mode towards a guard facing the other way, and strangles him from behind using a fiber wire', 'None of the above']",2,0.5074,True,fpsbench_000110,late,0.8787,513.129,529.145,529.129,30.0,surveil_63.mp4,2053,2116,64,-0.016,0,0,True,28,64,64,0.9286,44.1429,64,1
fpsstream_000111,action_order,What is the order of actions done by the kid?,"The kid shouts on the phone, throws a pillow, and bangs his shoulder on the wall multiple times",B,6.0,4.0,query,87.146,349,2400,False,100.0,B,B,B,"['The kid shouts on the phone, bangs his shoulder on the wall multiple times, and then throws a pillow', 'The kid shouts on the phone, throws a pillow, and bangs his shoulder on the wall multiple times', 'The kid shouts on the phone, throws a pillow, and then bangs his shoulder on the wall once', 'The kid shouts on the phone, throws a pillow, and then hits his entire body against the wall multiple times', 'None of the above']",2,0.5294,True,fpsbench_000111,early,0.1352,80.146,87.146,87.146,30.0,order_24.mp4,321,348,28,0.0,0,0,True,28,64,28,0.8929,2.6071,64,1
fpsstream_000112,blink_and_miss,What is the outcome of the batter's swing?,"He misses the ball, and it flies to the right of the video",B,6.0,4.0,query,332.188,1329,2400,False,0.0,A,A,B,"['He strikes the ball, and it flies to the right of the video', 'He misses the ball, and it flies to the right of the video', 'He strikes the ball, and it flies to the left of the video', 'He misses the ball, and it flies to the left of the video', 'None of the above']",2,0.9739,True,fpsbench_000112,middle,0.5499,327.188,332.188,332.188,25.0,subPlot_new_all_121.mp4,1309,1328,20,0.0,0,0,True,28,64,20,1.0,15.5714,64,1
fpsstream_000113,action_order,What order best describes the sequence of actions taken by the guy in blue t-shirt?,"The guy flips a coin, then fails to catch it, and lifts the banner next to him",D,5.0,4.0,query,435.069,1741,2400,False,100.0,D,D,D,"['The guy flips a coin, catches it successfully with one hand, and then lifts the banner next to him', 'The guy flips a coin, immediately lifts the banner next to him, and then fails to catch the falling coin', 'The guy flips a coin, it lands on the ground, he picks it up, and then lifts the banner next to him', 'The guy flips a coin, then fails to catch it, and lifts the banner next to him', 'None of the above']",2,0.551,True,fpsbench_000113,late,0.7205,425.069,435.079,435.069,30.0,order_93.mp4,1701,1740,40,-0.01,0,0,True,28,64,40,0.7143,1.5714,64,1
fpsstream_000114,action_order,What is the sequence of actions taken by the two boxers?,"The boxer on the right fakes a punch while moving closer. In response, the boxer on the left attempts to punch. The boxer on the right then ducks, pins the other boxer to the ground, and punches him",B,5.0,4.0,query,112.757,452,2400,False,0.0,A,A,B,"['The boxer on the left fakes a punch while moving closer. In response, the boxer on the right attempts to punch. The boxer on the left then ducks, pins the other boxer to the ground, and punches him', 'The boxer on the right fakes a punch while moving closer. In response, the boxer on the left attempts to punch. The boxer on the right then ducks, pins the other boxer to the ground, and punches him', 'The boxer on the right fakes a punch while moving closer. In response, the boxer on the left attempts to punch. The boxer on the right then ducks, kicks the other boxer to the ground, and punches him', 'The boxer on the right throws a jab that misses. In response, the boxer on the left attempts a counter-punch. The boxer on the right then ducks under the counter, pins the other boxer to the ground, and punches him', 'None of the above']",2,0.4992,True,fpsbench_000114,early,0.177,104.757,112.765,112.757,25.0,subPlot_new_all_23.mp4,420,451,32,-0.008,0,0,True,28,64,32,0.9643,6.3571,64,1
fpsstream_000115,action_order,What is the order of actions done by the cat?,"The cat first bites a person's feet, then hits a toy mouse until it grabs it, and then again bites the person's feet",C,4.0,4.0,query,273.992,1096,2400,False,100.0,C,C,C,"[""The cat first bites a person's feet, then grabs a toy mouse and proceeds to hit it, and then again bites the person's feet"", ""The cat first hits a toy mouse, then bites a person's feet, and then grabs the toy mouse"", ""The cat first bites a person's feet, then hits a toy mouse until it grabs it, and then again bites the person's feet"", ""The cat first bites a person's feet, then jumps on the floor once, and then again bites the person's feet"", 'None of the above']",2,0.4785,True,fpsbench_000115,middle,0.4475,263.992,274.002,273.992,25.0,subPlot_new_all_134.mp4,1056,1095,40,-0.01,0,0,True,28,64,40,0.6786,0.7857,64,1
fpsstream_000116,state_at_event,What was the time displayed on the scoreboard the moment the basketball entered the basket?,15:19:00,B,12.0,4.0,query,463.655,1855,2400,False,100.0,B,B,B,"['15:20:00', '15:19:00', ':15:18', '15:17:00', 'None of the above']",2,0.5075,True,fpsbench_000116,late,0.7706,454.655,464.665,463.655,30.0,order_106.mp4,1819,1854,36,-1.01,0,0,True,28,64,36,0.9643,12.0357,64,1
fpsstream_000117,state_at_event,What was the time displayed on the scoreboard the moment the basketball entered the basket?,04:01:00,A,7.0,4.0,query,67.895,272,2400,False,100.0,A,A,A,"['04:01:00', '04:02:00', '04:03:00', '04:00:00', 'None of the above']",2,0.6054,True,fpsbench_000117,early,0.1029,60.895,68.903,67.895,25.0,subPlot_new_all_171.mp4,244,271,28,-1.008,0,0,True,28,64,28,0.9643,13.6071,64,1
fpsstream_000118,state_at_event,What was the time displayed on the scoreboard the moment the basketball entered the basket?,03:55:00,B,7.0,4.0,query,298.109,1193,2400,False,0.0,A,A,B,"['03:54:00', '03:55:00', '03:56:00', '03:57:00', 'None of the above']",2,0.5097,True,fpsbench_000118,middle,0.496,294.109,301.116,298.109,30.0,order_276.mp4,1177,1192,16,-3.007,0,0,True,28,64,16,0.8571,5.8571,64,1
fpsstream_000119,state_at_event,What was the time displayed on the clock between the two camera flashes?,00:13:00,A,7.0,4.0,query,530.234,2121,2400,False,100.0,A,A,A,"['00:13:00', '00:15:00', '00:18:00', 'there was no camera flash', 'None of the above']",2,0.505,True,fpsbench_000119,late,0.8936,527.234,537.234,530.234,30.0,order_260.mp4,2109,2120,12,-7.0,0,0,True,28,64,12,0.8214,2.3571,64,1
fpsstream_000120,state_at_event,Where was the white cow heading when there was a camera flash?,right,B,26.0,4.0,query,83.598,335,2400,False,0.0,D,D,B,"['there was no camera flash', 'right', 'left', 'towards the camera', 'None of the above']",2,0.3445,True,fpsbench_000120,early,0.1296,76.598,85.598,83.598,26.0,subPlot_new_all_118.mp4,307,334,28,-2.0,0,0,True,28,64,28,0.9643,19.8214,64,1
fpsstream_000121,state_at_event,What is not the time displayed on the clock between the two camera flashes?,00:46:00,D,21.0,4.0,query,311.078,1245,2400,False,100.0,D,D,D,"['00:50:00', 'there was no camera flash', '00:51:00', '00:46:00', 'None of the above']",2,0.4682,True,fpsbench_000121,middle,0.5188,306.078,316.078,311.078,25.0,subPlot_new_all_107.mp4,1225,1244,20,-5.0,0,0,True,28,64,20,0.6786,4.3214,64,1
fpsstream_000122,state_at_event,How are the person's hands positioned when he lands?,One hand is reached downwards while the other is behind him,C,5.0,4.0,query,422.852,1692,2400,False,0.0,B,B,C,"['One hand is grabbing the skateboard, while the other is behind him', 'One hand is grabbing the skateboard while the other is by his side', 'One hand is reached downwards while the other is behind him', 'One hand is reached downwards while the other is by his side', 'None of the above']",2,0.4345,True,fpsbench_000122,late,0.7033,419.852,422.852,422.852,30.0,surveil_37.mp4,1680,1691,12,0.0,0,0,True,28,64,12,0.8571,8.75,64,1
fpsstream_000123,state_at_event,How much time is on the timer at the bottom left of the screen when the player kills an enemy?,09:33:00,B,6.0,4.0,query,83.071,333,2400,False,100.0,B,B,B,"['09:32:00', '09:33:00', '09:34:00', '09:35:00', 'None of the above']",2,0.5478,True,fpsbench_000123,early,0.1297,77.071,83.071,83.071,25.0,subPlot_new_all_42.mp4,309,332,24,0.0,0,0,True,28,64,24,1.0,22.4286,64,1
fpsstream_000124,state_at_event,How much time is on the timer at the bottom left of the screen when the player captures the flag?,09:08:00,C,5.0,4.0,query,336.103,1345,2400,False,100.0,C,C,C,"['09:07:00', '09:09:00', '09:08:00', '09:10:00', 'None of the above']",2,0.5032,True,fpsbench_000124,middle,0.5537,326.103,337.103,336.103,25.0,subPlot_new_all_41.mp4,1305,1344,40,-1.0,0,0,True,28,64,40,0.8929,17.5357,64,1
fpsstream_000125,state_at_event,How much time is left in the quarter when the basketball enters the net?,02:52:00,B,5.0,4.0,query,511.078,2045,2400,False,100.0,B,B,B,"['02:53:00', '02:52:00', '02:51:00', '02:50:00', 'None of the above']",2,0.4887,True,fpsbench_000125,late,0.8508,507.078,511.078,511.078,25.0,subPlot_new_all_117.mp4,2029,2044,16,0.0,0,0,True,28,64,16,0.7857,6.1071,64,1
fpsstream_000126,state_at_event,How much time is left in the quarter when the basketball enters the net?,4.8-5.2 seconds,A,7.0,4.0,query,79.707,319,2400,False,0.0,B,B,A,"['4.8-5.2 seconds', '4.6-4.8 seconds', '5.2-5.4 seconds', '5.4+ seconds', 'None of the above']",2,0.4974,True,fpsbench_000126,early,0.1256,74.707,79.707,79.707,25.0,subPlot_new_all_16.mp4,299,318,20,0.0,0,0,True,28,64,20,0.75,7.6071,64,1
fpsstream_000127,state_at_event,How much time is left in the quarter when the basketball enters the net?,09:06:00,C,11.0,4.0,query,334.291,1338,2400,False,0.0,B,B,C,"['09:08:00', '09:07:00', '09:06:00', '09:05:00', 'None of the above']",2,0.4847,True,fpsbench_000127,middle,0.5534,329.291,334.291,334.291,25.0,subPlot_new_all_146.mp4,1318,1337,20,0.0,0,0,True,28,64,20,1.0,11.0,64,1
fpsstream_000128,state_at_event,What is the stance of the player who scores when the basketball enters the net?,He is hopping lightly while his arm is raised and bent,D,8.0,4.0,query,489.714,1959,2400,False,0.0,A,A,D,"['He is standing still, with his arm raised up and mostly straight', 'He is standing still with his arm raised but bent', 'He is hopping lightly while his arm is raised and mostly straight', 'He is hopping lightly while his arm is raised and bent', 'None of the above']",2,0.3712,True,fpsbench_000128,late,0.816,484.714,490.72,489.714,25.0,subPlot_new_all_180.mp4,1939,1958,20,-1.006,0,0,True,28,64,20,1.0,7.5,64,1
fpsstream_000129,state_at_event,What is the motion of the player with the ball when he releases it?,He is at the top of his jump,C,8.0,4.0,query,121.279,486,2400,False,0.0,A,A,C,"['He is rising upwards as a result of his jump', 'He is falling from his jump', 'He is at the top of his jump', 'He is on the floor', 'None of the above']",2,0.4383,True,fpsbench_000129,early,0.1941,115.279,121.285,121.279,30.0,count_226.mp4,462,485,24,-0.006,0,0,True,28,64,24,0.9643,8.75,64,1
fpsstream_000130,state_at_event,What is the singer in the white shirt not doing when the drummer hits both of the cymbals?,tapping his left foot,C,5.0,4.0,query,265.845,1064,2400,False,100.0,C,C,C,"['tapping his right foot', 'playing the piano', 'tapping his left foot', 'singing', 'None of the above']",2,0.5451,True,fpsbench_000130,middle,0.4387,258.845,268.845,265.845,25.0,subPlot_new_all_84.mp4,1036,1063,28,-3.0,0,0,True,28,64,28,0.7857,4.4643,64,1
fpsstream_000131,state_at_event,What is the motion of the player's arms when the ball enters the basket?,One arm his held straight up while the other is swinging backwards,A,7.0,4.0,query,487.124,1949,2400,False,100.0,A,A,A,"['One arm his held straight up while the other is swinging backwards', 'One arm is held straight up while the other is held to his side', 'One arm is falling down while the other is swinging backwards', 'One arm is falling down while the other is held to his side', 'None of the above']",2,0.5,True,fpsbench_000131,late,0.8117,482.124,488.13,487.124,25.0,subPlot_new_all_136.mp4,1929,1948,20,-1.006,0,0,True,28,64,20,0.9643,2.8571,64,1
fpsstream_000132,state_at_event,What is the speed of the ego vehicle when it is under the bridge?,between 40 and 60 kmph,B,5.0,4.0,query,151.031,605,2400,False,100.0,B,B,B,"['less than 40 kmph', 'between 40 and 60 kmph', 'more than 60 mph', 'between 40 and 60 mph', 'None of the above']",2,0.5189,True,fpsbench_000132,early,0.239,141.031,151.031,151.031,30.0,surveil_59.mp4,565,604,40,0.0,0,0,True,28,64,40,0.8214,27.7143,64,1
fpsstream_000133,state_at_event,What is the motion of the shooting player's arms when the ball enters the basket?,He is lowering one arm while the other is held up,D,5.0,4.0,query,283.87,1136,2400,False,0.0,B,B,D,"['He is lowering both arms', 'Both arms are held high up', 'He is lowering one arm while the other is by his side', 'He is lowering one arm while the other is held up', 'None of the above']",2,0.4806,True,fpsbench_000133,middle,0.4695,278.87,284.876,283.87,25.0,subPlot_new_all_17.mp4,1116,1135,20,-1.006,0,0,True,28,64,20,0.8214,2.75,64,1
fpsstream_000134,state_at_event,What does not happen when the parrot video is played on the TV screen?,the guy nods,D,5.0,4.0,query,529.319,2118,2400,False,0.0,E,E,D,"['a girl raises her eyebrows', 'the guy raises his eyebrows', 'a girl opens her mouth', 'the guy nods', 'None of the above']",2,0.3399,True,fpsbench_000134,late,0.8879,520.319,534.334,529.319,24.0,order_35.mp4,2082,2117,36,-5.015,0,0,True,28,64,36,0.75,2.1071,64,1
fpsstream_000135,state_at_event,What is the motion of the player's arms when the ball enters the basket?,One arm is held up while the other is held by his side,D,9.0,4.0,query,82.768,332,2400,False,0.0,B,B,D,"['He is lowering both arms', 'Both arms are held high up', 'He is lowering one arm while the other is by his side', 'One arm is held up while the other is held by his side', 'None of the above']",2,0.4833,True,fpsbench_000135,early,0.1309,77.768,83.774,82.768,25.0,subPlot_new_all_106.mp4,312,331,20,-1.006,0,0,True,28,64,20,1.0,9.1071,64,1
fpsstream_000136,state_at_event,What is the motion of the player's arms when the ball enters the basket?,He is lowering one arm while the other is by his side,C,6.0,4.0,query,355.697,1423,2400,False,0.0,B,B,C,"['He is lowering both arms', 'Both arms are held high up', 'He is lowering one arm while the other is by his side', 'One arm is held up while the other is held by his side', 'None of the above']",2,0.4997,True,fpsbench_000136,middle,0.5904,350.697,356.703,355.697,25.0,order_53.mp4,1403,1422,20,-1.006,0,0,True,28,64,20,0.7857,3.0714,64,1
fpsstream_000137,blink_and_miss,What is the result of the player's swing,"He strikes the ball, causing it to fly at a low angle",D,11.0,4.0,query,429.865,1720,2400,False,0.0,B,B,D,"['He misses the ball entirely', 'He clips the ball with his bat, and the ball continues to fly behind him', 'He strikes the ball, causing it to fly at a high angle', 'He strikes the ball, causing it to fly at a low angle', 'None of the above']",2,0.4655,True,fpsbench_000137,late,0.7157,425.865,430.87,429.865,25.0,subPlot_new_all_161.mp4,1704,1719,16,-1.005,0,0,True,28,64,16,0.5,0.5,64,1
fpsstream_000138,causality_detection,What stops the ball from entering the goal?,Both the crossbar and the hand of the goalie,D,5.0,4.0,query,129.666,519,2400,False,100.0,D,D,D,"['The crossbar of the goal', 'The vertical goal post', 'The hand of the goalie', 'Both the crossbar and the hand of the goalie', 'None of the above']",2,0.4945,True,fpsbench_000138,early,0.1994,115.666,135.686,129.666,25.0,subPlot_new_all_57.mp4,463,518,56,-6.02,0,0,True,28,64,56,0.7857,7.6071,64,1
fpsstream_000139,causality_detection,Why does the ball fail to enter the goal?,"The goalie stops the ball, which then rolls away",B,5.0,4.0,query,357.467,1430,2400,False,0.0,D,D,B,"['The ball missed the goal entirely', 'The goalie stops the ball, which then rolls away', 'The goalie touches the ball, which then collides with the goal post and bounces away', 'The ball collides with the goal post and bounces away', 'None of the above']",2,0.4593,True,fpsbench_000139,middle,0.594,347.467,362.482,357.467,25.0,subPlot_new_all_4.mp4,1390,1429,40,-5.015,0,0,True,28,64,40,0.8214,3.3214,64,1
fpsstream_000140,causality_detection,What causes the team in the white uniform to lose possession of the basketball?,"Player number 2 touches the ball, causing it to fall in the red team's possession",C,4.0,4.0,query,437.728,1751,2400,False,100.0,C,C,C,"[""Player number 6 touches the ball, causing it to fall in the red team's possession"", 'The ball is passed to a player on the red team', ""Player number 2 touches the ball, causing it to fall in the red team's possession"", 'Player number 17 catches the ball, but loses possession of it', 'None of the above']",2,0.6024,True,fpsbench_000140,late,0.7331,434.728,441.735,437.728,30.0,count_233.mp4,1739,1750,12,-4.007,0,0,True,28,64,12,0.8571,4.7857,64,1
fpsstream_000141,instance_count,How many times does the ball bounce on the stairs?,13,C,10.0,4.0,query,170.641,683,2400,False,0.0,A,A,C,"['11', '12', '13', '14', 'None of the above']",2,0.4715,True,fpsbench_000141,early,0.2695,157.641,172.656,170.641,25.0,subPlot_new_all_62.mp4,631,682,52,-2.015,0,0,True,28,64,52,0.8571,5.5,64,1
fpsstream_000142,state_at_event,"What other part of the drumkit, if any, does the Drums hit at the same time as he hits the small cymbal?",The snare drum,A,7.0,4.0,query,247.25,990,2400,False,0.0,B,B,A,"['The snare drum', 'The hi hat', 'One of the toms', 'He does not hit any other part', 'None of the above']",2,0.5399,True,fpsbench_000142,middle,0.4081,243.25,247.254,247.25,30.0,order_157.mp4,973,989,17,-0.004,0,0,True,28,64,17,1.0,11.2143,64,1
fpsstream_000143,causality_detection,What causes the rally to end?,The ball hit by the player in the red shirt misses the table,A,5.0,4.0,query,452.678,1811,2400,False,0.0,D,D,A,"['The ball hit by the player in the red shirt misses the table', 'The ball hit by the player in the black shirt misses the table', 'The player in the red shirt misses the ball with his paddle', 'The player in the black shirt misses the ball with his paddle', 'None of the above']",2,0.5519,True,fpsbench_000143,late,0.749,439.678,452.678,452.678,60.0,game_42.mp4,1759,1810,52,0.0,0,0,True,28,64,52,0.7857,1.9643,64,1
fpsstream_000144,causality_detection,What causes the rally to end?,The ball hit by the player in the black shirt misses the table,B,4.0,4.0,query,83.848,336,2400,False,0.0,A,A,B,"['The ball hit by the player in the red shirt misses the table', 'The ball hit by the player in the black shirt misses the table', 'The player in the red shirt misses the ball with his paddle', 'The player in the black shirt misses the ball with his paddle', 'None of the above']",2,0.4743,True,fpsbench_000144,early,0.1298,76.848,84.848,83.848,25.0,subPlot_new_all_103.mp4,308,335,28,-1.0,0,0,True,28,64,28,1.0,15.3929,64,1
fpsstream_000145,causality_detection,What causes the rally to end?,The player in the black shirt misses the ball with his paddle,D,5.0,4.0,query,323.99,1296,2400,False,0.0,A,A,D,"['The ball hit by the player in the red shirt misses the table', 'The ball hit by the player in the black shirt misses the table', 'The player in the red shirt misses the ball with his paddle', 'The player in the black shirt misses the ball with his paddle', 'None of the above']",2,0.4906,True,fpsbench_000145,middle,0.5338,315.99,323.99,323.99,25.0,subPlot_new_all_199.mp4,1264,1295,32,0.0,0,0,True,28,64,32,0.8929,7.75,64,1
fpsstream_000146,state_at_event,How much time is left on the game clock when the puck enters the net?,07:48:00,D,4.0,4.0,query,531.329,2126,2400,False,0.0,B,B,D,"['07:51:00', '07:50:00', '07:49:00', '07:48:00', 'None of the above']",2,0.4949,True,fpsbench_000146,late,0.8933,524.329,537.342,531.329,25.0,subPlot_new_all_192.mp4,2098,2125,28,-6.013,0,0,True,28,64,28,0.8929,8.6071,64,1
fpsstream_000147,blink_and_miss,What does the woman do with her eyes?,She blinks,C,5.0,4.0,query,160.711,643,2400,False,100.0,C,C,C,"['She winks her left eye', 'She winks her right eye', 'She blinks', 'She does nothing with her eyes', 'None of the above']",2,0.5282,True,fpsbench_000147,early,0.2605,153.711,163.721,160.711,30.0,order_153.mp4,615,642,28,-3.01,0,0,True,28,64,28,1.0,23.1786,64,1
fpsstream_000148,state_at_event,"What other part of the drumkit, if any, does the Drums hit at the same time as he hits the small cymbal?",He does not hit any other part,D,5.0,4.0,query,454.668,1819,2400,False,0.0,B,B,D,"['The snare drum', 'The hi hat', 'One of the toms', 'He does not hit any other part', 'None of the above']",2,0.3732,True,fpsbench_000149,late,0.7562,450.668,454.672,454.668,25.0,subPlot_new_all_132.mp4,1803,1818,16,-0.004,0,0,True,28,64,16,0.6786,2.8929,64,1
fpsstream_000149,instance_count,How many times does the woman blink?,5,B,12.0,4.0,query,178.518,715,2400,False,0.0,A,A,B,"['4', '5', '6', '7', 'None of the above']",2,0.6095,True,fpsbench_000150,early,0.2856,168.518,178.528,178.518,25.0,subPlot_new_all_100.mp4,675,714,40,-0.01,0,0,True,28,64,40,0.7857,7.0357,64,1
fpsstream_000150,instance_count,How many times does she tap the inner end of her eyebrow with her pen?,10,D,7.0,4.0,query,342.611,1371,2400,False,0.0,A,A,D,"['7', '8', '9', '10', 'None of the above']",2,0.584,True,fpsbench_000151,middle,0.5667,336.611,342.617,342.611,25.0,movie101_106.mp4,1347,1370,24,-0.006,0,0,True,28,64,24,0.75,6.3214,64,1
fpsstream_000151,instance_count,How many times does the man touch the bag with his left hand and with his right hand,"9 times with his left hand, 3 times with his right hand",A,12.0,4.0,query,447.438,1790,2400,False,100.0,A,A,A,"['9 times with his left hand, 3 times with his right hand', '8 times with his left hand, 3 times with his right hand', '9 times with his left hand, 4 times with his right hand', '8 times with his left hand, 4 times with his right hand', 'None of the above']",2,0.4886,True,fpsbench_000152,late,0.7414,437.438,447.448,447.438,25.0,subPlot_new_all_66.mp4,1750,1789,40,-0.01,0,0,True,28,64,40,0.5357,0.5357,64,1
fpsstream_000152,causality_detection,What color was the ball that was hit by the white ball on the break shot?,Dark red,B,4.0,4.0,query,135.629,543,2400,False,0.0,A,A,B,"['Bright red', 'Dark red', 'Green', 'Yellow', 'None of the above']",2,0.419,True,fpsbench_000153,early,0.2199,128.629,143.629,135.629,24.0,movie101_63.mp4,515,542,28,-8.0,0,0,True,28,64,28,0.8571,8.1786,64,1
fpsstream_000153,causality_detection,What color was the ball that was hit by the white ball on the break shot?,Purple,C,4.0,4.0,query,270.158,1081,2400,False,0.0,B,B,C,"['Yellow', 'Red', 'Purple', 'Brown', 'None of the above']",2,0.4744,True,fpsbench_000154,middle,0.4485,264.158,275.158,270.158,25.0,subPlot_new_all_135.mp4,1057,1080,24,-5.0,0,0,True,28,64,24,0.7857,6.6786,64,1
fpsstream_000154,causality_detection,What color was the ball that was hit by the white ball on the break shot?,Blue,A,7.0,4.0,query,484.712,1939,2400,False,100.0,A,A,A,"['Blue', 'Yellow', 'Brown', 'Green', 'None of the above']",2,0.4405,True,fpsbench_000155,late,0.8097,477.712,487.712,484.712,30.0,surveil_108.mp4,1911,1938,28,-3.0,0,0,True,28,64,28,0.8929,18.5714,64,1
fpsstream_000155,causality_detection,What color was the ball that was hit by the white ball on the break shot?,Orange,B,4.0,4.0,query,81.149,325,2400,False,100.0,B,B,B,"['Blue', 'Orange', 'Yellow', 'Red', 'None of the above']",2,0.5649,True,fpsbench_000156,early,0.1058,61.149,83.149,81.149,25.0,order_121.mp4,245,324,80,-2.0,0,0,True,28,64,80,0.9286,10.9286,64,1
fpsstream_000156,causality_detection,What color was the ball that was hit by the white ball on the break shot?,Yellow,D,7.0,4.0,query,321.073,1285,2400,False,100.0,D,D,D,"['Purple', 'Red', 'Orange', 'Yellow', 'None of the above']",2,0.5026,True,fpsbench_000157,middle,0.5324,313.073,325.085,321.073,25.0,order_52.mp4,1253,1284,32,-4.012,0,0,True,28,64,32,0.9643,16.7857,64,1
fpsstream_000157,blink_and_miss,Which player reaches higher in the tip off?,The player on the right,A,6.0,4.0,query,430.196,1721,2400,False,100.0,A,A,A,"['The player on the right', 'The player on the left', 'They reach the same height', 'There is no tip off', 'None of the above']",2,0.7808,True,fpsbench_000158,late,0.7178,424.196,433.205,430.196,25.0,subPlot_new_all_67.mp4,1697,1720,24,-3.009,0,0,True,28,64,24,0.6071,0.8571,64,1
fpsstream_000158,state_at_event,How much time is left on the shotclock the moment the basketball enters the net?,12,C,7.0,4.0,query,92.531,371,2400,False,0.0,A,A,C,"['10', '11', '12', '13', 'None of the above']",2,0.5093,True,fpsbench_000159,early,0.1428,84.523,92.531,92.531,30.0,count_26.mp4,339,370,32,0.0,0,0,True,28,64,32,0.8214,6.1071,64,1
fpsstream_000159,instance_count,How many times does the woman blink?,5,D,4.0,4.0,query,348.708,1395,2400,False,0.0,B,B,D,"['2', '3', '4', '5', 'None of the above']",2,0.5155,True,fpsbench_000160,middle,0.5736,336.708,349.721,348.708,25.0,subPlot_new_all_129.mp4,1347,1394,48,-1.013,0,0,True,28,64,48,0.7143,2.8214,64,1
