video_id,task,question,answer,answer_letter,min_fps,sample_fps,trigger,trigger_time_sec,n_frames_seen,n_frames_loaded,truncated,qa_acc,pred_answer,pred_choice,correct_choice,presented_choices,n_generated_tokens,latency_seconds,retrieval_fired,question_id,position_bin,position_frac,needle_start_sec,needle_end_sec,query_time_sec,stream_fps,haystack_file,needle_first_frame,needle_last_frame,n_needle_frames,retrieval_distance_sec,retrieval_distance_frames,tokens_after_needle,needle_in_local_window,n_layers_retrieved,n_blocks_per_layer,n_needle_blocks,layers_hit_frac,blocks_hit_mean,tokens_kept,tokens_seen,token_keep_rate,n_tokens_fed,num_blocks,n_local,kv_cache_bytes,retrieve_size,chunk_size
fpsstream_000749,speed_recognition,How does the speed of the car change throughout the video?,The car stays at a constant speed and then slows down,C,6.0,1.0,query,95.317,96,600,False,0.0,D,D,C,"['The car stays at a constant speed', 'The car slows down', 'The car stays at a constant speed and then slows down', 'The car speeds up', 'None of the above']",2,0.4017,True,fpsbench_000753,early,0.1461,86.317,95.317,95.317,25.0,subPlot_new_all_191.mp4,87,95,9,0.0,0,0,True,28,33,4,1.0,4.0,6435,18816,0.342,6468,33,15000,0,64,1
fpsstream_000750,speed_recognition,How does the speed of the Drums hitting the drums/cymbals change throughout the video?,The Drums stays at a constant speed and then paces up,C,8.0,1.0,query,357.09,358,600,False,0.0,A,A,C,"[""The Drums's stays at a constant speed of hitting the cymbals and drums"", 'The Drums slows down', 'The Drums stays at a constant speed and then paces up', 'The Drums speeds up', 'None of the above']",2,0.7974,True,fpsbench_000754,middle,0.589,348.09,357.125,357.09,25.0,subPlot_new_all_77.mp4,349,357,9,-0.035,0,0,True,28,64,2,0.9643,1.75,16196,70168,0.2308,16268,83,15000,932872192,64,1
fpsstream_000751,instance_count,How many punches did the boy with the green hat throw?,5,D,7.0,1.0,query,496.466,497,600,False,0.0,C,C,D,"['2', '3', '4', '5', 'None of the above']",2,0.6827,True,fpsbench_000755,late,0.8263,492.466,496.466,496.466,24.0,subPlot_new_all_59.mp4,493,496,4,0.0,0,0,True,28,64,3,1.0,2.5714,28066,97412,0.2881,28224,144,15000,1618477056,64,1
fpsstream_000752,instance_count,How many attacks did the boy with the green hat execute?,4,C,6.0,1.0,query,90.179,91,600,False,0.0,B,B,C,"['2', '3', '4', '5', 'None of the above']",2,0.2236,True,fpsbench_000756,early,0.1446,86.179,90.179,90.179,30.0,surveil_191.mp4,87,90,4,0.0,0,0,True,28,6,3,1.0,3.0,1074,17836,0.0602,1176,6,15000,0,64,1
fpsstream_000753,instance_count,How many hits did the boy with the green hat land?,4,C,6.0,1.0,query,280.933,281,600,False,0.0,B,B,C,"['2', '3', '4', '5', 'None of the above']",2,0.6593,True,fpsbench_000757,middle,0.4638,275.933,280.933,280.933,25.0,subPlot_new_all_95.mp4,276,280,5,0.0,0,0,True,28,64,2,1.0,2.0,17573,55076,0.3191,17640,90,15000,1011548160,64,1
fpsstream_000754,instance_count,How many hits did the boy with the green hat land?,5,D,6.0,1.0,query,489.255,490,600,False,0.0,A,A,D,"['2', '3', '4', '5', 'None of the above']",2,0.599,True,fpsbench_000758,late,0.8142,485.255,489.255,489.255,25.0,subPlot_new_all_167.mp4,486,489,4,0.0,0,0,True,28,64,2,1.0,1.9643,25864,96040,0.2693,25872,132,15000,1483603968,64,1
fpsstream_000755,instance_count,How many times did the team in white pass?,3,B,8.0,1.0,query,119.526,120,600,False,100.0,B,B,B,"['2', '3', '4', '5', 'None of the above']",2,0.3532,True,fpsbench_000759,early,0.1911,113.526,119.526,119.526,24.0,subPlot_new_all_54.mp4,114,119,6,0.0,0,0,True,28,34,3,1.0,3.0,6653,23520,0.2829,6664,34,15000,0,64,1
fpsstream_000756,instance_count,How many passes occured in this clip?,4,C,8.0,1.0,query,274.49,275,600,False,0.0,A,A,C,"['2', '3', '4', '5', 'None of the above']",2,0.4468,True,fpsbench_000760,middle,0.4483,264.49,274.49,274.49,25.0,subPlot_new_all_144.mp4,265,274,10,0.0,0,0,True,28,64,3,0.9286,1.8214,14591,53900,0.2707,14700,75,15000,0,64,1
fpsstream_000757,instance_count,How many times did the ball hit the floor?,3,B,7.0,1.0,query,500.629,501,600,False,0.0,A,A,B,"['2', '3', '4', '5', 'None of the above']",2,0.6444,True,fpsbench_000761,late,0.8316,490.629,500.629,500.629,25.0,subPlot_new_all_113.mp4,491,500,10,0.0,0,0,True,28,64,3,1.0,2.1071,30899,98196,0.3147,30968,158,15000,1775828992,64,1
fpsstream_000758,instance_count,How many times was the ball dribbled?,5,D,5.0,1.0,query,180.973,181,600,False,0.0,E,E,D,"['2', '3', '4', '5', 'None of the above']",2,0.3348,True,fpsbench_000762,early,0.2946,174.973,180.979,180.973,30.0,order_101.mp4,175,180,6,-0.006,0,0,True,28,55,4,1.0,4.0,10684,35476,0.3012,10780,55,15000,0,64,1
fpsstream_000759,instance_count,How many cars pass by the group?,3,C,4.0,1.0,query,320.267,321,600,False,0.0,E,E,C,"['1', '2', '3', '4', 'None of the above']",2,0.6579,True,fpsbench_000763,middle,0.5291,314.267,320.273,320.267,25.0,subPlot_new_all_89.mp4,315,320,6,-0.006,0,0,True,28,64,3,1.0,2.0,23307,62916,0.3704,23324,119,15000,1337491456,64,1
fpsstream_000760,instance_count,How many times did the dog on the right shake its paw?,8,D,5.0,1.0,query,510.474,511,600,False,0.0,A,A,D,"['3', '4', '6', '8', 'None of the above']",2,0.6853,True,fpsbench_000764,late,0.8493,504.474,510.48,510.474,30.0,order_319.mp4,505,510,6,-0.006,0,0,True,28,64,2,0.9286,1.5,27513,100156,0.2747,27636,141,15000,1584758784,64,1
fpsstream_000761,instance_count,How many times did this dog on the left shake its paw?,5,D,7.0,1.0,query,76.822,77,600,False,0.0,B,B,D,"['2', '3', '4', '5', 'None of the above']",2,0.2617,True,fpsbench_000765,early,0.1192,70.822,76.828,76.822,25.0,movie101_5.mp4,71,76,6,-0.006,0,0,True,28,20,3,1.0,3.0,3834,15092,0.254,3920,20,15000,0,64,1
fpsstream_000762,speed_recognition,How does the speed of the dog change throughout the video?,"The dog speeds up, then slows down, and then speeds up again",B,5.0,1.0,query,287.692,288,600,False,100.0,B,B,B,"['The dog runs at a constant speed', 'The dog speeds up, then slows down, and then speeds up again', 'The dog stays at a constant speed and then slows down', 'The dog speeds up', 'None of the above']",2,0.5632,True,fpsbench_000766,middle,0.4733,280.692,287.692,287.692,25.0,order_38.mp4,281,287,7,0.0,0,0,True,28,64,3,1.0,2.8571,20053,56448,0.3552,20188,103,15000,1157660672,64,1
fpsstream_000763,speed_recognition,How does the speed of the dog change throughout the video?,The dog stays at a constant speed and then slows down,C,6.0,1.0,query,473.409,474,600,False,0.0,B,B,C,"['The dog runs at a constant speed', 'The dog speeds up, then slows down', 'The dog stays at a constant speed and then slows down', 'The dog speeds up', 'None of the above']",2,0.6539,True,fpsbench_000767,late,0.7872,468.409,473.409,473.409,24.0,subPlot_new_all_177.mp4,469,473,5,0.0,0,0,True,28,64,3,0.9643,1.9286,32865,92904,0.3538,32928,168,15000,1888223232,64,1
fpsstream_000764,speed_recognition,How does the rotational speed of the fan blades change?,The blades are slow at first and then increases speed,D,5.0,1.0,query,76.339,77,600,False,0.0,A,A,D,"['The blades spin at a high, constant speed throughout', 'The blades start fast and gradually slow to a stop', 'The blades are stationary at first, then gradually accelerate their spin', 'The blades are slow at first and then increases speed', 'None of the above']",2,0.2797,True,fpsbench_000768,early,0.1124,66.339,76.339,76.339,30.0,count_235.mp4,67,76,10,0.0,0,0,True,28,27,4,1.0,4.0,5242,15092,0.3473,5292,27,15000,0,64,1
fpsstream_000765,speed_recognition,How does the rotational speed of the fan blades change?,"The blades spin at a high, constant speed throughout",A,10.0,1.0,query,337.065,338,600,False,100.0,A,A,A,"['The blades spin at a high, constant speed throughout', 'The blades start fast and gradually slow to a stop', 'The blades spin at low constant speed', 'The blades are slow at first and then increases speed', 'None of the above']",2,0.5718,True,fpsbench_000769,middle,0.5543,327.065,337.065,337.065,25.0,order_90.mp4,328,337,10,0.0,0,0,True,28,64,4,1.0,2.0714,18502,66248,0.2793,18620,95,15000,1067745280,64,1
fpsstream_000766,speed_recognition,How does the rotational speed of the fan blades change?,"The blades spin at a very high, constant speed throughout",A,10.0,1.0,query,487.048,488,600,False,100.0,A,A,A,"['The blades spin at a very high, constant speed throughout', 'The blades start fast and gradually slow down', 'The blades spin at low constant speed', 'The blades are slow at first and then increases speed', 'None of the above']",2,0.6324,True,fpsbench_000770,late,0.8086,477.048,487.048,487.048,30.0,order_253.mp4,478,487,10,0.0,0,0,True,28,64,4,0.5714,1.3214,27698,95648,0.2896,27832,142,15000,1595998208,64,1
fpsstream_000767,speed_recognition,How does the rotational speed of the fan blades change?,The blades are slow at first and then increases speed,D,7.0,1.0,query,140.429,141,600,False,0.0,A,A,D,"['The blades spin at a high, constant speed throughout', 'The blades start fast and gradually slow down', 'The blades are stationary at first, then gradually accelerate their spin', 'The blades are slow at first and then increases speed', 'None of the above']",2,0.3105,True,fpsbench_000771,early,0.2237,132.429,140.437,140.429,30.0,order_113.mp4,133,140,8,-0.008,0,0,True,28,44,2,1.0,2.0,8568,27636,0.31,8624,44,15000,0,64,1
fpsstream_000768,speed_recognition,How does the rotational speed of the fan blades change?,"The blades spin at a high, constant speed throughout",A,10.0,1.0,query,274.158,275,600,False,100.0,A,A,A,"['The blades spin at a high, constant speed throughout', 'The blades start fast and gradually slow down', 'The blades are stationary at first, then gradually accelerate their spin', 'The blades are slow at first and then increases speed', 'None of the above']",2,0.7436,True,fpsbench_000772,middle,0.4487,265.158,274.167,274.158,25.0,order_27.mp4,266,274,9,-0.009,0,0,True,28,64,4,0.9643,2.8214,19067,53900,0.3537,19208,98,15000,1101463552,64,1
fpsstream_000769,speed_recognition,How does the rotational speed of the fan blades change?,"The blades are stationary at first, then gradually accelerate their spin",C,5.0,1.0,query,471.878,472,600,False,0.0,A,A,C,"['The blades spin at a high, constant speed throughout', 'The blades start fast and gradually slow down', 'The blades are stationary at first, then gradually accelerate their spin', 'The blades are slow at first and then increases speed', 'None of the above']",2,0.6805,True,fpsbench_000773,late,0.7843,465.878,471.899,471.878,30.0,ego_36.mp4,466,471,6,-0.021,0,0,True,28,64,4,0.8214,2.2857,25129,92512,0.2716,25284,129,15000,1449885696,64,1
fpsstream_000770,speed_recognition,How does the rotational speed of the dancer's first set of spins compare to the second set?,The first set of spins is slower than the second set,B,7.0,1.0,query,181.106,182,600,False,0.0,A,A,B,"['The first set of spins is faster than the second set', 'The first set of spins is slower than the second set', 'Both sets of spins are performed at the same rotational speed', 'The first set of spins maintains a constant speed, while the second set progressively accelerates', 'None of the above']",2,0.3925,True,fpsbench_000774,early,0.2948,175.106,181.106,181.106,30.0,count_4.mp4,176,181,6,0.0,0,0,True,28,41,3,1.0,3.0,7990,35672,0.224,8036,41,15000,0,64,1
fpsstream_000771,speed_recognition,Which statement best describes how the dancer's skating pace changes throughout the performance?,The dancer's pace starts slow and gradually increases,C,7.0,1.0,query,312.034,313,600,False,0.0,A,A,C,"['The dancer starts fast and gradually slows down toward the end', 'The dancer maintains a consistent pace from start to finish', ""The dancer's pace starts slow and gradually increases"", 'The dancer alternates between periods of fast and slow skating.', 'None of the above']",2,0.392,True,fpsbench_000775,middle,0.5119,302.034,312.034,312.034,24.0,subPlot_new_all_47.mp4,303,312,10,0.0,0,0,True,28,64,5,0.9286,4.0714,14754,61348,0.2405,14896,76,15000,0,64,1
fpsstream_000772,speed_recognition,How does the rotational speed of the dancer's first set of spins compare to the second set?,The first set of spins is slower than the second set,B,8.0,1.0,query,500.69,501,600,False,0.0,A,A,B,"['The first set of spins is faster than the second set', 'The first set of spins is slower than the second set', 'Both sets of spins are performed at the same rotational speed', 'The first set of spins maintains a constant speed, while the second set progressively accelerates', 'None of the above']",2,0.6592,True,fpsbench_000776,late,0.8342,494.69,501.69,500.69,30.0,order_112.mp4,495,500,6,-1.0,0,0,True,28,64,3,1.0,2.5,17774,98196,0.181,17836,91,15000,1022787584,64,1
fpsstream_000773,speed_recognition,How does the speed of the dancer's spin on one leg varies throughout the video?,Her spin is constant,C,6.0,1.0,query,99.383,100,600,False,0.0,A,A,C,"['Her spin increases', 'Her spin decreases', 'Her spin is constant', 'Her spins increases first and then decreases', 'None of the above']",2,0.3534,True,fpsbench_000777,early,0.1544,91.383,99.383,99.383,25.0,subPlot_new_all_200.mp4,92,99,8,0.0,0,0,True,28,30,3,1.0,3.0,5736,19600,0.2927,5880,30,15000,0,64,1
fpsstream_000774,speed_recognition,How does the speed of the dancer skating varies throughout the video?,Her pace increases,A,7.0,1.0,query,313.632,314,600,False,100.0,A,A,A,"['Her pace increases', 'Her pace decreases', 'Her pace is constant', 'Her pace increases first and then decreases', 'None of the above']",2,0.5934,True,fpsbench_000778,middle,0.5163,305.632,313.632,313.632,30.0,order_72.mp4,306,313,8,0.0,0,0,True,28,64,4,1.0,3.25,19322,61544,0.314,19404,99,15000,1112702976,64,1
fpsstream_000775,speed_recognition,How does the rotational speed of the dancer's first set of spins compare to the second set?,The first set of spins is faster than the second set,A,7.0,1.0,query,497.111,498,600,False,100.0,A,A,A,"['The first set of spins is faster than the second set', 'The first set of spins is slower than the second set', 'Both sets of spins are performed at the same rotational speed', 'The first set of spins maintains a constant speed, while the second set progressively accelerates', 'None of the above']",2,0.6221,True,fpsbench_000779,late,0.825,485.111,497.111,497.111,25.0,subPlot_new_all_127.mp4,486,497,12,0.0,0,0,True,28,64,5,0.7143,2.75,31418,97608,0.3219,31556,161,15000,1809547264,64,1
fpsstream_000776,speed_recognition,How does the speed of the dancer's spin varies throughout the video?,"Her spins are at a constant speed first, and then increases",D,6.0,1.0,query,182.757,183,600,False,0.0,A,A,D,"['Her spin increases', 'Her spin decreases', 'Her spin is constant', 'Her spins are at a constant speed first, and then increases', 'None of the above']",2,0.3046,True,fpsbench_000780,early,0.2928,172.757,182.757,182.757,25.0,movie101_17.mp4,173,182,10,0.0,0,0,True,28,51,3,1.0,3.0,9957,35868,0.2776,9996,51,15000,0,64,1
fpsstream_000777,speed_recognition,How does the rotational speed of the woman's first set of spins compare to the second set?,The first set of spins is slower than the second set,B,7.0,1.0,query,294.129,295,600,False,0.0,A,A,B,"['The first set of spins is faster than the second set', 'The first set of spins is slower than the second set', 'Both sets of spins are performed at the same rotational speed', 'The first set of spins maintains a constant speed, while the second set progressively accelerates', 'None of the above']",2,0.6011,True,fpsbench_000781,middle,0.4816,284.129,294.129,294.129,30.0,order_132.mp4,285,294,10,0.0,0,0,True,28,64,4,1.0,3.4643,16976,57820,0.2936,17052,87,15000,977829888,64,1
fpsstream_000778,speed_recognition,How does the pace of skier change throughout the video?,The skier's pace increases,A,5.0,1.0,query,528.723,529,600,False,0.0,D,D,A,"[""The skier's pace increases"", ""The skier's pace is constant"", ""The skier's pace decreases"", ""The skier's pace is very slow at first, and then it gradually increases"", 'None of the above']",2,0.6813,True,fpsbench_000782,late,0.8798,521.723,528.723,528.723,30.0,order_6.mp4,522,528,7,0.0,0,0,True,28,64,3,0.7143,1.9643,29733,103684,0.2868,29792,152,15000,1708392448,64,1
fpsstream_000779,speed_recognition,How does the speed of skateboard changes in the video?,"The skateboard speed is zero initally, then increases, then becomes zero, then increases again, and becomes zero at the end",C,4.0,1.0,query,106.966,107,600,False,100.0,C,C,C,"['The speed of the skateboard increases, then decreases, then increases again', 'The speed of the skateboard is zero initially, then increases, then decreases, then increases', 'The skateboard speed is zero initally, then increases, then becomes zero, then increases again, and becomes zero at the end', ""The skateboard's pace is very slow at first, and then it gradually increases"", 'None of the above']",2,0.2712,True,fpsbench_000783,early,0.17,100.966,106.966,106.966,30.0,order_61.mp4,101,106,6,0.0,0,0,True,28,20,4,1.0,4.0,3864,20972,0.1842,3920,20,15000,0,64,1
fpsstream_000780,repetitive_motion,How many complete 360 degree rotations does the airplane do?,7,B,5.0,1.0,query,269.33,270,600,False,100.0,B,B,B,"['5', '7', '9', '14', 'None of the above']",2,0.6966,True,fpsbench_000784,middle,0.4367,256.33,269.33,269.33,25.0,subPlot_new_all_147.mp4,257,269,13,0.0,0,0,True,28,64,5,1.0,3.4286,19651,52920,0.3713,19796,101,15000,1135181824,64,1
fpsstream_000781,causality_detection,What caused the person to fall from the skateboard?,"The other person's back of the skateboard collided with his skateboard, causing him to fall off",C,4.0,1.0,query,488.592,489,600,False,100.0,C,C,C,"['He lost balance as other player came really close to him, making him fall off the skateboard', ""The other person's front of the skateboard collided with his skateboard, causing him to fall off"", ""The other person's back of the skateboard collided with his skateboard, causing him to fall off"", 'The other person kicked him, causing him to launch ahead and fall off the skateboard', 'None of the above']",2,0.5979,True,fpsbench_000785,late,0.818,482.592,492.592,488.592,24.0,movie101_62.mp4,483,488,6,-4.0,0,0,True,28,64,4,0.9643,2.25,29249,95844,0.3052,29400,150,15000,1685913600,64,1
fpsstream_000782,causality_detection,What was the direct result of the pass from the player in the white jersey (#13)?,It led to his teammate (#14) taking a shot and scoring a point,A,4.0,1.0,query,179.297,180,600,False,100.0,A,A,A,"['It led to his teammate (#14) taking a shot and scoring a point', 'His teammate (#14) pump-faked to get a defender off-balance and then drove to the basket', 'His teammate (#14) was immediately fouled by a defender while attempting to shoot', 'His teammate (#14) caught the ball and quickly passed it to another player open under the basket', 'None of the above']",2,0.3884,True,fpsbench_000786,early,0.292,172.297,182.307,179.297,25.0,subPlot_new_all_40.mp4,173,179,7,-3.01,0,0,True,28,50,3,1.0,3.0,9702,35280,0.275,9800,50,15000,0,64,1
fpsstream_000783,instance_count,How many times did he hit the drums with his right hand?,7,C,6.0,1.0,query,330.84,331,600,False,100.0,C,C,C,"['6', '8', '7', '9', 'None of the above']",2,0.5992,True,fpsbench_000787,middle,0.5453,322.84,330.84,330.84,25.0,subPlot_new_all_88.mp4,323,330,8,0.0,0,0,True,28,64,2,1.0,1.6071,23947,64876,0.3691,24108,123,15000,1382449152,64,1
fpsstream_000784,instance_count,How many times do the dancers perform body wave?,8,C,5.0,1.0,query,451.973,452,600,False,0.0,B,B,C,"['6', '7', '8', '9', 'None of the above']",2,0.6835,True,fpsbench_000788,late,0.7491,441.973,451.983,451.973,30.0,order_124.mp4,442,451,10,-0.01,0,0,True,28,64,3,1.0,1.6786,21385,88592,0.2414,21560,110,15000,1236336640,64,1
fpsstream_000785,instance_count,How many times does the woman wearing white pants perform a spin?,5,D,4.0,1.0,query,103.602,104,600,False,0.0,B,B,D,"['2', '3', '4', '5', 'None of the above']",2,0.2719,True,fpsbench_000789,early,0.162,95.602,105.602,103.602,25.0,subPlot_new_all_78.mp4,96,103,8,-2.0,0,0,True,28,31,4,1.0,4.0,5946,20384,0.2917,6076,31,15000,0,64,1
fpsstream_000786,instance_count,How many times do the female dancers raise their frock while dancing?,6,D,6.0,1.0,query,320.687,321,600,False,0.0,A,A,D,"['3', '4', '5', '6', 'None of the above']",2,0.5764,True,fpsbench_000790,middle,0.5317,313.687,323.687,320.687,25.0,subPlot_new_all_84.mp4,314,320,7,-3.0,0,0,True,28,64,3,1.0,2.0357,17544,62916,0.2788,17640,90,15000,1011548160,64,1
fpsstream_000787,instance_count,How many times does the guy do a full rotation of his arm while dancing?,6,B,4.0,1.0,query,440.765,441,600,False,0.0,D,D,B,"['9', '6', '5', '4', 'None of the above']",2,0.6459,True,fpsbench_000791,late,0.7318,431.765,441.765,440.765,25.0,subPlot_new_all_183.mp4,432,440,9,-1.0,0,0,True,28,64,3,1.0,1.5,28646,86436,0.3314,28812,147,15000,1652195328,64,1
fpsstream_000788,instance_count,How many times do the dancers raise their arms above their head while dancing?,5,A,6.0,1.0,query,138.21,139,600,False,0.0,B,B,A,"['5', '4', '6', '3', 'None of the above']",2,0.3242,True,fpsbench_000792,early,0.2207,130.21,140.22,138.21,25.0,order_70.mp4,131,138,8,-2.01,0,0,True,28,55,2,1.0,2.0,10639,27244,0.3905,10780,55,15000,0,64,1
fpsstream_000789,instance_count,How many times does the dog jump and bark at the man?,5,C,6.0,1.0,query,306.763,307,600,False,0.0,A,A,C,"['3', '4', '5', '6', 'None of the above']",2,0.6263,True,fpsbench_000793,middle,0.5072,301.763,306.763,306.763,30.0,order_83.mp4,302,306,5,0.0,0,0,True,28,64,2,0.75,1.25,17335,60172,0.2881,17444,89,15000,1000308736,64,1
fpsstream_000790,instance_count,How many times does the dog look at his owner in the video?,5,B,10.0,1.0,query,443.388,444,600,False,0.0,C,C,B,"['6', '5', '3', '4', 'None of the above']",2,0.6297,True,fpsbench_000794,late,0.7341,432.388,443.399,443.388,25.0,subPlot_new_all_110.mp4,433,443,11,-0.011,0,0,True,28,64,4,0.7143,1.5714,29477,87024,0.3387,29596,151,15000,1697153024,64,1
fpsstream_000791,instance_count,How many times does the person look at the camera?,6,A,4.0,1.0,query,163.11,164,600,False,0.0,C,C,A,"['6', '5', '3', '4', 'None of the above']",2,0.367,True,fpsbench_000795,early,0.2583,152.11,163.11,163.11,25.0,order_120.mp4,153,163,11,0.0,0,0,True,28,55,2,1.0,2.0,10635,32144,0.3309,10780,55,15000,0,64,1
fpsstream_000792,instance_count,How many times does the white cat wag its tail?,6,C,5.0,1.0,query,290.401,291,600,False,0.0,A,A,C,"['4', '5', '6', '7', 'None of the above']",2,0.7163,True,fpsbench_000796,middle,0.477,282.401,290.401,290.401,25.0,subPlot_new_all_66.mp4,283,290,8,0.0,0,0,True,28,64,4,1.0,2.7143,21685,57036,0.3802,21756,111,15000,1247576064,64,1
fpsstream_000793,instance_count,How many times does the drummer hit the standing cymbals?,9,D,6.0,1.0,query,522.376,523,600,False,0.0,B,B,D,"['6', '7', '8', '9', 'None of the above']",2,0.5487,True,fpsbench_000797,late,0.868,510.376,522.376,522.376,25.0,subPlot_new_all_143.mp4,511,522,12,0.0,0,0,True,28,64,2,1.0,1.1786,33384,102508,0.3257,33516,171,15000,1921941504,64,1
fpsstream_000794,instance_count,How many times does the drummer flip the drum stick?,3,D,4.0,1.0,query,164.218,165,600,False,0.0,B,B,D,"['0', '1', '2', '3', 'None of the above']",2,0.3709,True,fpsbench_000798,early,0.2614,154.218,164.218,164.218,24.0,order_35.mp4,155,164,10,0.0,0,0,True,28,62,3,1.0,3.0,12014,32340,0.3715,12152,62,15000,0,64,1
fpsstream_000795,instance_count,How many times does the girl grasp a section of her hair with a completely closed fist?,4,C,5.0,1.0,query,249.905,250,600,False,0.0,B,B,C,"['3', '2', '4', '5', 'None of the above']",2,0.6489,True,fpsbench_000799,middle,0.41,241.905,251.915,249.905,30.0,order_268.mp4,242,249,8,-2.01,0,0,True,28,64,3,1.0,2.25,17893,49000,0.3652,18032,92,15000,1034027008,64,1
fpsstream_000796,instance_count,How many times did the female singer tap on the chin of the male artist lying down on the floor with her index finger?,3,C,10.0,1.0,query,538.096,539,600,False,0.0,B,B,C,"['1', '2', '3', '4', 'None of the above']",2,0.6463,True,fpsbench_000800,late,0.8973,532.096,539.103,538.096,25.0,subPlot_new_all_100.mp4,533,538,6,-1.007,0,0,True,28,64,3,1.0,2.1429,28090,105644,0.2659,28224,144,15000,1618477056,64,1
fpsstream_000797,instance_count,How many times did the female singer touch the harp with her hands?,8,C,4.0,1.0,query,139.36,140,600,False,0.0,B,B,C,"['6', '7', '8', '9', 'None of the above']",2,0.3016,True,fpsbench_000801,early,0.2179,128.36,139.371,139.36,24.0,subPlot_new_all_153.mp4,129,139,11,-0.011,0,0,True,28,48,5,1.0,5.0,9266,27440,0.3377,9408,48,15000,0,64,1
fpsstream_000798,instance_count,How many times does the female singer perform some action looking at the camera?,2,C,4.0,1.0,query,260.393,261,600,False,100.0,C,C,C,"['0', '1', '2', '3', 'None of the above']",2,0.7387,True,fpsbench_000802,middle,0.4278,252.393,262.403,260.393,25.0,subPlot_new_all_82.mp4,253,260,8,-2.01,0,0,True,28,64,4,0.8571,2.2143,15376,51156,0.3006,15484,79,15000,887914496,64,1
fpsstream_000799,instance_count,How many times does the guy holding the steering wheel change gears using either of his fingers?,5,D,15.0,1.0,query,495.848,496,600,False,0.0,A,A,D,"['2', '3', '4', '5', 'None of the above']",2,0.5734,True,fpsbench_000803,late,0.8235,485.848,495.858,495.848,25.0,subPlot_new_all_193.mp4,486,495,10,-0.01,0,0,True,28,64,3,1.0,1.8214,21795,97216,0.2242,21952,112,15000,1258815488,64,1
fpsstream_000800,instance_count,How many times does the girl blink in the video?,6,D,12.0,1.0,query,89.432,90,600,False,0.0,E,E,D,"['3', '4', '5', '6', 'None of the above']",2,0.4154,True,fpsbench_000804,early,0.1346,79.432,89.442,89.432,25.0,subPlot_new_all_184.mp4,80,89,10,-0.01,0,0,True,28,35,4,1.0,4.0,6850,17640,0.3883,6860,35,15000,0,64,1
fpsstream_000801,instance_count,How many strokes of lipstick does the girl apply on her lips in the given video clip?,5,C,7.0,1.0,query,268.748,269,600,False,0.0,A,A,C,"['3', '4', '5', '6', 'None of the above']",2,0.6005,True,fpsbench_000805,middle,0.4433,263.748,268.753,268.748,25.0,subPlot_new_all_133.mp4,264,268,5,-0.005,0,0,True,28,64,3,1.0,2.6429,17073,52724,0.3238,17248,88,15000,989069312,64,1
fpsstream_000802,instance_count,How many times does the woman apply maskara on her eyelashes in this video clip?,4,C,10.0,1.0,query,532.745,533,600,False,0.0,B,B,C,"['2', '3', '4', '5', 'None of the above']",2,0.6483,True,fpsbench_000806,late,0.8872,528.745,532.745,532.745,25.0,subPlot_new_all_123.mp4,529,532,4,0.0,0,0,True,28,64,2,0.9643,1.7857,35654,104468,0.3413,35672,182,15000,2045575168,64,1
fpsstream_000803,instance_count,How many time does the DJ touches the disk with his index finger?,6,D,9.0,1.0,query,166.101,167,600,False,0.0,A,A,D,"['3', '4', '5', '6', 'None of the above']",2,1.5463,True,fpsbench_000807,early,0.2708,161.101,166.106,166.101,24.0,subPlot_new_all_13.mp4,162,166,5,-0.005,0,0,True,28,59,2,1.0,2.0,11547,32732,0.3528,11564,59,15000,0,64,1
fpsstream_000804,instance_count,How many time does the DJ moves the fader?,7,A,5.0,1.0,query,331.184,332,600,False,0.0,C,C,A,"['7', '5', '6', '4', 'None of the above']",2,0.6285,True,fpsbench_000808,middle,0.5444,321.184,331.194,331.184,24.0,subPlot_new_all_124.mp4,322,331,10,-0.01,0,0,True,28,64,3,1.0,2.8214,21679,65072,0.3332,21756,111,15000,1247576064,64,1
fpsstream_000805,instance_count,How many times does the user change players in the given video clip?,5,D,11.0,1.0,query,463.788,464,600,False,0.0,B,B,D,"['2', '3', '4', '5', 'None of the above']",2,0.6259,True,fpsbench_000809,late,0.7699,455.788,463.796,463.788,30.0,order_225.mp4,456,463,8,-0.008,0,0,True,28,64,3,1.0,2.8571,31748,90944,0.3491,31752,162,15000,1820786688,64,1
fpsstream_000806,instance_count,How many times does the guy touch his nose?,4,C,4.0,1.0,query,68.88,69,600,False,0.0,A,A,C,"['2', '3', '4', '5', 'None of the above']",2,0.2994,True,fpsbench_000810,early,0.1015,59.88,69.89,68.88,30.0,order_255.mp4,60,68,9,-1.01,0,0,True,28,19,3,1.0,3.0,3545,13524,0.2621,3724,19,15000,0,64,1
fpsstream_000807,instance_count,How many times does the couple jump together while holding hands?,6,D,6.0,1.0,query,346.157,347,600,False,0.0,B,B,D,"['2', '3', '5', '6', 'None of the above']",2,0.3138,True,fpsbench_000811,middle,0.5748,339.157,349.157,346.157,30.0,order_75.mp4,340,346,7,-3.0,0,0,True,28,55,3,1.0,3.0,10592,68012,0.1557,10780,55,15000,0,64,1
fpsstream_000808,instance_count,How many times does the guy with moustache do the action of playing a guitar while dancing?,4,C,9.0,1.0,query,477.67,478,600,False,0.0,E,E,C,"['2', '3', '4', '5', 'None of the above']",2,0.5989,True,fpsbench_000812,late,0.8011,472.67,482.67,477.67,30.0,order_221.mp4,473,477,5,-5.0,0,0,True,28,64,2,0.9286,1.3214,29097,93688,0.3106,29204,149,15000,1674674176,64,1
fpsstream_000809,instance_count,How many times does the lead singer point towards the crowd?,3,D,8.0,1.0,query,128.199,129,600,False,0.0,C,C,D,"['0', '1', '2', '3', 'None of the above']",2,0.3178,True,fpsbench_000813,early,0.2003,118.199,128.209,128.199,25.0,subPlot_new_all_145.mp4,119,128,10,-0.01,0,0,True,28,49,3,1.0,3.0,9511,25284,0.3762,9604,49,15000,0,64,1
fpsstream_000810,instance_count,How many times does the lead singer in green dress raise her arm in front?,5,B,7.0,1.0,query,362.289,363,600,False,0.0,D,D,B,"['4', '5', '3', '2', 'None of the above']",2,0.5915,True,fpsbench_000814,middle,0.5995,354.289,363.298,362.289,25.0,subPlot_new_all_122.mp4,355,362,8,-1.009,0,0,True,28,64,4,0.9643,2.0357,31015,71148,0.4359,31164,159,15000,1787068416,64,1
fpsstream_000811,instance_count,How many times does the person wearing white who is not singing clap his hands?,8,C,5.0,1.0,query,469.763,470,600,False,0.0,B,B,C,"['5', '7', '8', '9', 'None of the above']",2,0.5655,True,fpsbench_000815,late,0.7793,459.763,469.763,469.763,24.0,movie101_63.mp4,460,469,10,0.0,0,0,True,28,64,5,1.0,3.25,25728,92120,0.2793,25872,132,15000,1483603968,64,1
fpsstream_000812,instance_count,How many times does the person wearing white clap his hands?,6,D,5.0,1.0,query,90.706,91,600,False,0.0,A,A,D,"['3', '4', '5', '6', 'None of the above']",2,0.2583,True,fpsbench_000816,early,0.1402,82.706,92.706,90.706,25.0,subPlot_new_all_5.mp4,83,90,8,-2.0,0,0,True,28,33,3,1.0,3.0,6399,17836,0.3588,6468,33,15000,0,64,1
fpsstream_000813,instance_count,How many times does the kid raise his right leg and throw it while dancing in this video?,8,D,8.0,1.0,query,332.862,333,600,False,0.0,B,B,D,"['3', '5', '7', '8', 'None of the above']",2,0.6281,True,fpsbench_000817,middle,0.5495,325.862,332.869,332.862,25.0,subPlot_new_all_51.mp4,326,332,7,-0.007,0,0,True,28,64,3,0.9643,1.6786,22589,65268,0.3461,22736,116,15000,1303773184,64,1
fpsstream_000814,instance_count,How many times does the singer wearing white jacket and a gold chain raise both his arms towards the crowd?,6,C,5.0,1.0,query,431.815,432,600,False,0.0,A,A,C,"['4', '5', '6', '7', 'None of the above']",2,0.7653,True,fpsbench_000818,late,0.7166,422.815,432.825,431.815,30.0,order_134.mp4,423,431,9,-1.01,0,0,True,28,64,4,1.0,3.6429,19745,84672,0.2332,19796,101,15000,1135181824,64,1
fpsstream_000815,instance_count,How many times does the singer move her index finger from left to right while singing?,4,D,6.0,1.0,query,107.124,108,600,False,0.0,B,B,D,"['1', '2', '3', '4', 'None of the above']",2,0.2765,True,fpsbench_000819,early,0.1663,98.124,108.134,107.124,25.0,subPlot_new_all_64.mp4,99,107,9,-1.01,0,0,True,28,33,3,1.0,3.0,6383,21168,0.3015,6468,33,15000,0,64,1
fpsstream_000816,instance_count,How many times did the black player tap his forearm with his index finger while the camera is zoomed?,more than 11,D,30.0,1.0,query,330.328,331,600,False,0.0,A,A,D,"['2', '6', '11', 'more than 11', 'None of the above']",2,0.5915,True,fpsbench_000820,middle,0.5429,320.328,330.338,330.328,30.0,movie101_106.mp4,321,330,10,-0.01,0,0,True,28,64,3,1.0,2.2857,23818,64876,0.3671,23912,122,15000,1371209728,64,1
fpsstream_000817,instance_count,How many times did the ball bounce on the stairs?,9 to 10 times,B,8.0,1.0,query,471.41,472,600,False,0.0,A,A,B,"['7 to 8 times', '9 to 10 times', '11 to 12 times', 'more than 13 times', 'None of the above']",2,0.6444,True,fpsbench_000821,late,0.7819,457.41,472.425,471.41,25.0,order_10.mp4,458,471,14,-1.015,0,0,True,28,64,4,0.9643,1.8929,29211,92512,0.3158,29400,150,15000,1685913600,64,1
fpsstream_000818,fine_grained_motion,The ball touches which of these items before falling into the glass of water and how many times?,"electronic drum, the wall, twice on the floor",D,6.0,1.0,query,122.184,123,600,False,0.0,B,B,D,"['leftmost drum of the electronic drum set, the drum adjacent to it, once on the floor', 'electronic drum, once on the floor', 'electronic drum, the wall, once on the floor', 'electronic drum, the wall, twice on the floor', 'None of the above']",2,0.3156,True,fpsbench_000822,early,0.1942,115.184,122.184,122.184,30.0,count_229.mp4,116,122,7,0.0,0,0,True,28,42,3,1.0,3.0,8170,24108,0.3389,8232,42,15000,0,64,1
fpsstream_000819,instance_count,How many times did the ball bounce on the Table Tennis table?,10,C,12.0,1.0,query,274.864,275,600,False,0.0,E,E,C,"['8', '9', '10', '11', 'None of the above']",2,0.347,True,fpsbench_000823,middle,0.4514,265.864,276.875,274.864,30.0,ego_81.mp4,266,274,9,-2.011,0,0,True,28,63,5,1.0,5.0,12230,53900,0.2269,12348,63,15000,0,64,1
fpsstream_000820,instance_count,How many times does he toss the purple ball up?,6,A,5.0,1.0,query,426.294,427,600,False,100.0,A,A,A,"['6', '7', '8', '9', 'None of the above']",2,0.6431,True,fpsbench_000824,late,0.7065,413.294,428.309,426.294,25.0,order_36.mp4,414,426,13,-2.015,0,0,True,28,64,3,1.0,1.9286,19811,83692,0.2367,19992,102,15000,1146421248,64,1
fpsstream_000821,instance_count,How many times does she whisk between the adding the two batches of oil?,more than 20 times,D,12.0,1.0,query,136.072,137,600,False,100.0,D,D,D,"['6 to 10 times', '11 to 15 times', '15 to 19 times', 'more than 20 times', 'None of the above']",2,0.3823,True,fpsbench_000825,early,0.2104,123.072,138.072,136.072,25.0,subPlot_new_all_132.mp4,124,136,13,-2.0,0,0,True,28,64,2,1.0,2.0,12477,26852,0.4647,12544,64,15000,0,64,1
fpsstream_000822,repetitive_motion,How many times does the person cut the banana along its length?,10,C,4.0,1.0,query,249.085,250,600,False,0.0,B,B,C,"['6', '8', '10', '12', 'None of the above']",2,0.6145,True,fpsbench_000826,middle,0.4012,235.085,249.099,249.085,25.0,movie101_8.mp4,236,249,14,-0.014,0,0,True,28,64,5,1.0,4.1071,17690,49000,0.361,17836,91,15000,1022787584,64,1
fpsstream_000823,instance_count,How many times does the person cut the banana perpendicular to its length?,12,D,7.0,1.0,query,432.76,433,600,False,0.0,B,B,D,"['9', '10', '11', '12', 'None of the above']",2,0.6107,True,fpsbench_000827,late,0.7146,418.76,432.774,432.76,25.0,subPlot_new_all_83.mp4,419,432,14,-0.014,0,0,True,28,64,4,0.9643,3.1429,25992,84868,0.3063,26068,133,15000,1494843392,64,1
fpsstream_000824,repetitive_motion,How many times does she whisk?,9,C,9.0,1.0,query,119.993,120,600,False,0.0,D,D,C,"['6', '8', '9', '10', 'None of the above']",2,0.3414,True,fpsbench_000828,early,0.1795,104.993,120.008,119.993,24.0,subPlot_new_all_33.mp4,105,119,15,-0.015,0,0,True,28,40,4,1.0,4.0,7710,23520,0.3278,7840,40,15000,0,64,1
fpsstream_000825,repetitive_motion,How many rotations does the electric whisk do while he adds the flour?,8,B,9.0,1.0,query,260.201,261,600,False,0.0,D,D,B,"['6', '8', '9', '10', 'None of the above']",2,0.4032,True,fpsbench_000829,middle,0.4191,245.201,260.201,260.201,25.0,subPlot_new_all_94.mp4,246,260,15,0.0,0,0,True,28,64,6,1.0,5.5357,12994,51156,0.254,13132,67,15000,0,64,1
fpsstream_000826,instance_count,How many times does he tap the strainer with his palm?,8,A,15.0,1.0,query,463.455,464,600,False,100.0,A,A,A,"['8', '9', '10', '11', 'None of the above']",2,0.6538,True,fpsbench_000830,late,0.767,449.455,463.455,463.455,30.0,order_55.mp4,450,463,14,0.0,0,0,True,28,64,5,1.0,4.1071,30611,90944,0.3366,30772,157,15000,1764589568,64,1
fpsstream_000827,repetitive_motion,How many times does he squeeze the vanilla bean with the side of his knife?,4,C,5.0,1.0,query,88.299,89,600,False,0.0,B,B,C,"['2', '3', '4', '5', 'None of the above']",2,0.2494,True,fpsbench_000831,early,0.1336,78.299,92.299,88.299,25.0,subPlot_new_all_72.mp4,79,88,10,-4.0,0,0,True,28,24,5,1.0,5.0,4537,17444,0.2601,4704,24,15000,0,64,1
fpsstream_000828,repetitive_motion,How many times does she stir clockwise?,8,A,7.0,1.0,query,280.699,281,600,False,0.0,B,B,A,"['8', '9', '10', '11', 'None of the above']",2,0.4363,True,fpsbench_000832,middle,0.4627,270.699,285.699,280.699,24.0,subPlot_new_all_166.mp4,271,280,10,-5.0,0,0,True,28,64,2,0.9286,1.8571,14093,55076,0.2559,14112,72,15000,0,64,1
fpsstream_000829,causality_detection,Which of these best describes what caused the people to cheer up and raise their hands?,It was an LBW (leg before wicket),A,5.0,1.0,query,461.922,462,600,False,0.0,D,D,A,"['It was an LBW (leg before wicket)', 'The batsman missed the ball, which hit the wicket', 'The bat hit the ball and then hit the wicket', 'A fielder caught the ball', 'None of the above']",2,0.6414,True,fpsbench_000833,late,0.776,453.922,468.937,461.922,25.0,order_29.mp4,454,461,8,-7.015,0,0,True,28,64,3,1.0,2.7857,31087,90552,0.3433,31164,159,15000,1787068416,64,1
fpsstream_000830,instance_count,How many times did the shirtless person clap?,4,D,6.0,1.0,query,133.981,134,600,False,0.0,B,B,D,"['1', '2', '3', '4', 'None of the above']",2,0.2932,True,fpsbench_000834,early,0.2154,125.981,140.996,133.981,30.0,ego_47.mp4,126,133,8,-7.015,0,0,True,28,49,4,1.0,4.0,9423,26264,0.3588,9604,49,15000,0,64,1
fpsstream_000831,instance_count,How many times did the ball touch the table before he caught it?,5,B,5.0,1.0,query,284.263,285,600,False,100.0,B,B,B,"['4', '5', '6', '7', 'None of the above']",2,0.5462,True,fpsbench_000835,middle,0.4628,270.263,286.279,284.263,25.0,subPlot_new_all_6.mp4,271,284,14,-2.016,0,0,True,28,64,4,1.0,2.4643,15820,55860,0.2832,15876,81,15000,910393344,64,1
fpsstream_000832,repetitive_motion,How many times do the dancers lift their right legs after the spotlight disappears the last time before they swing their legs up?,5,C,4.0,1.0,query,492.82,493,600,False,0.0,B,B,C,"['3', '4', '5', '6', 'None of the above']",2,0.6329,True,fpsbench_000836,late,0.8254,482.82,497.835,492.82,25.0,subPlot_new_all_151.mp4,483,492,10,-5.015,0,0,True,28,64,3,0.7857,2.0714,31882,96628,0.3299,31948,163,15000,1832026112,64,1
fpsstream_000833,synchronization_assessment,"After the spotlight disappears the last time and before they swing their legs up, which of these is true?",The two dancers on the right are out of sync initially but synchronize later,D,4.0,1.0,query,129.63,130,600,False,0.0,B,B,D,"['At least three dancers are in sync initially but go out of sync later', 'At least three dancers are out of sync initially but synchronize later', 'The two dancers on the left are out of sync initially but synchronize later', 'The two dancers on the right are out of sync initially but synchronize later', 'None of the above']",2,0.2714,True,fpsbench_000837,early,0.2045,119.63,134.645,129.63,25.0,subPlot_new_all_161.mp4,120,129,10,-5.015,0,0,True,28,34,3,1.0,3.0,6566,25480,0.2577,6664,34,15000,0,64,1
fpsstream_000834,instance_count,How many times does he press the spray can over the painting?,thrice,C,4.0,1.0,query,336.341,337,600,False,0.0,B,B,C,"['once', 'twice', 'thrice', 'four times', 'None of the above']",2,0.5537,True,fpsbench_000838,middle,0.5681,332.341,347.341,336.341,25.0,subPlot_new_all_190.mp4,333,336,4,-11.0,0,0,True,28,64,3,0.8214,1.4286,18633,66052,0.2821,18816,96,15000,1078984704,64,1
fpsstream_000835,repetitive_motion,How many times does move the spray can away from him over the painting?,four times,D,5.0,1.0,query,520.843,521,600,False,0.0,B,B,D,"['once', 'twice', 'thrice', 'four times', 'None of the above']",2,0.5727,True,fpsbench_000839,late,0.8801,514.843,529.843,520.843,25.0,subPlot_new_all_87.mp4,515,520,6,-9.0,0,0,True,28,64,4,0.9643,2.1429,33329,102116,0.3264,33516,171,15000,1921941504,64,1
fpsstream_000836,repetitive_motion,How many times does move the spray can away from him over the painting?,7,C,7.0,1.0,query,125.575,126,600,False,0.0,B,B,C,"['5', '6', '7', '8', 'None of the above']",2,0.305,True,fpsbench_000840,early,0.1993,116.575,131.575,125.575,30.0,order_102.mp4,117,125,9,-6.0,0,0,True,28,37,4,1.0,4.0,7217,24696,0.2922,7252,37,15000,0,64,1
fpsstream_000837,instance_count,How many times does he flick his index finger over the painting?,9 to 10 times,C,7.0,1.0,query,291.327,292,600,False,0.0,A,A,C,"['4 to 6 times', '7 to 8 times', '9 to 10 times', '11 to 12 times', 'None of the above']",2,0.2072,True,fpsbench_000841,middle,0.4758,278.327,293.327,291.327,30.0,surveil_47.mp4,279,291,13,-2.0,0,0,True,28,8,6,1.0,6.0,1405,57232,0.0245,1568,8,15000,0,64,1
fpsstream_000838,repetitive_motion,How many times does he move the spray can to the right while spraying yellow paint?,10,B,6.0,1.0,query,529.192,530,600,False,100.0,B,B,B,"['9', '10', '11', '12', 'None of the above']",2,0.6903,True,fpsbench_000842,late,0.8892,520.192,535.192,529.192,30.0,order_335.mp4,521,529,9,-6.0,0,0,True,28,64,3,1.0,2.3214,32630,103880,0.3141,32732,167,15000,1876983808,64,1
fpsstream_000839,repetitive_motion,How many times does he move the spray can to the right while spraying orange paint?,10,B,6.0,1.0,query,109.789,110,600,False,100.0,B,B,B,"['9', '10', '11', '12', 'None of the above']",2,0.2369,True,fpsbench_000843,early,0.1655,96.789,111.789,109.789,30.0,surveil_5.mp4,97,109,13,-2.0,0,0,True,28,6,4,1.0,4.0,1081,21560,0.0501,1176,6,15000,0,64,1
fpsstream_000840,repetitive_motion,How many times does he move the spray can to the left while spraying red paint?,6,B,6.0,1.0,query,360.714,361,600,False,0.0,A,A,B,"['3', '6', '8', '10', 'None of the above']",2,0.7621,True,fpsbench_000844,middle,0.5944,347.714,362.714,360.714,25.0,movie101_34.mp4,348,360,13,-2.0,0,0,True,28,64,3,1.0,2.7143,22243,70756,0.3144,22344,114,15000,1281294336,64,1
fpsstream_000841,instance_count,How many times does he brush the newspaper with his hand?,4,C,9.0,1.0,query,458.774,459,600,False,0.0,B,B,C,"['2', '3', '4', '6', 'None of the above']",2,0.6326,True,fpsbench_000845,late,0.7637,446.774,461.789,458.774,30.0,order_242.mp4,447,458,12,-3.015,0,0,True,28,64,3,0.8214,2.2143,30957,89964,0.3441,30968,158,15000,1775828992,64,1
fpsstream_000842,causality_detection,What causes the rally to end?,The player in red misses the table entirely with his return shot,A,4.0,1.0,query,98.843,99,600,False,100.0,A,A,A,"['The player in red misses the table entirely with his return shot', ""The player in red hits the ball onto his side of the table instead of his opponent's side"", ""The player in black is unable to reach the ball after the player in red's return"", ""The player in black fails to react to his opponent's return"", 'None of the above']",2,0.2706,True,fpsbench_000846,early,0.1591,94.843,98.843,98.843,30.0,count_226.mp4,95,98,4,0.0,0,0,True,28,34,2,1.0,2.0,6618,19404,0.3411,6664,34,15000,0,64,1
fpsstream_000843,instance_count,How many times does he touch the quitar with his index finger?,more than 7 times,D,10.0,1.0,query,330.427,331,600,False,0.0,A,A,D,"['2 to 3 times', '4 to 5 times', '6 to 7 times', 'more than 7 times', 'None of the above']",2,0.5677,True,fpsbench_000847,middle,0.5446,322.427,330.435,330.427,24.0,order_146.mp4,323,330,8,-0.008,0,0,True,28,64,3,1.0,2.5357,24835,64876,0.3828,24892,127,15000,1427406848,64,1
fpsstream_000844,instance_count,How many times does he strum downwards?,25 to 30 times,D,10.0,1.0,query,515.535,516,600,False,0.0,A,A,D,"['10 to 15 times', '16 to 20 times', '20 to 25 times', '25 to 30 times', 'None of the above']",2,0.6294,True,fpsbench_000848,late,0.8551,498.535,515.552,515.535,25.0,subPlot_new_all_140.mp4,499,515,17,-0.017,0,0,True,28,64,2,0.75,1.0,30113,101136,0.2977,30184,154,15000,1730871296,64,1
fpsstream_000845,repetitive_motion,How many times does he move the spray can up?,7,D,7.0,1.0,query,86.996,87,600,False,0.0,A,A,D,"['3', '5', '6', '7', 'None of the above']",2,0.2701,True,fpsbench_000849,early,0.1356,79.996,90.006,86.996,25.0,subPlot_new_all_19.mp4,80,86,7,-3.01,0,0,True,28,17,4,1.0,4.0,3141,17052,0.1842,3332,17,15000,0,64,1
fpsstream_000846,instance_count,"How many times does he press the spray can after ""CR-7"" shows up on the screen?",14,D,8.0,1.0,query,309.307,310,600,False,0.0,A,A,D,"['9', '12', '13', '14', 'None of the above']",2,0.5853,True,fpsbench_000850,middle,0.5082,297.307,312.322,309.307,25.0,subPlot_new_all_65.mp4,298,309,12,-3.015,0,0,True,28,64,3,1.0,2.0,22974,60760,0.3781,23128,118,15000,1326252032,64,1
fpsstream_000847,repetitive_motion,How many times does he shake the spray can with its cap off?,14,D,6.0,1.0,query,537.436,538,600,False,0.0,A,A,D,"['10', '12', '13', '14', 'None of the above']",2,0.6004,True,fpsbench_000851,late,0.8965,524.436,539.451,537.436,25.0,subPlot_new_all_71.mp4,525,537,13,-2.015,0,0,True,28,64,3,1.0,2.9286,30376,105448,0.2881,30380,155,15000,1742110720,64,1
fpsstream_000848,repetitive_motion,How many times does the shadow of his hand move left?,7,C,6.0,1.0,query,125.876,126,600,False,0.0,E,E,C,"['4', '6', '7', '8', 'None of the above']",2,0.3192,True,fpsbench_000852,early,0.1947,113.876,128.891,125.876,28.0,order_30.mp4,114,125,12,-3.015,0,0,True,28,45,4,1.0,4.0,8701,24696,0.3523,8820,45,15000,0,64,1
fpsstream_000849,instance_count,How many times does he tap the cup agaist the counter?,thrice,C,6.0,1.0,query,244.988,245,600,False,0.0,B,B,C,"['once', 'twice', 'thrice', 'four times', 'None of the above']",2,0.4655,True,fpsbench_000853,middle,0.4054,237.988,250.988,244.988,25.0,subPlot_new_all_45.mp4,238,244,7,-6.0,0,0,True,28,64,3,0.9286,2.5357,13928,48020,0.29,14112,72,15000,0,64,1
fpsstream_000850,repetitive_motion,How many times does he move the spray can up with its cap on?,thrice,C,6.0,1.0,query,483.521,484,600,False,0.0,B,B,C,"['once', 'twice', 'thrice', 'four times', 'None of the above']",2,0.5921,True,fpsbench_000854,late,0.8146,476.521,491.536,483.521,30.0,order_322.mp4,477,483,7,-8.015,0,0,True,28,64,3,1.0,2.2857,35034,94864,0.3693,35084,179,15000,2011856896,64,1
fpsstream_000851,instance_count,How many individual drops of coffee fell?,5,D,9.0,1.0,query,163.852,164,600,False,0.0,B,B,D,"['2', '3', '4', '5', 'None of the above']",2,0.3754,True,fpsbench_000855,early,0.263,153.852,168.852,163.852,25.0,movie101_9.mp4,154,163,10,-5.0,0,0,True,28,57,5,1.0,5.0,11037,32144,0.3434,11172,57,15000,0,64,1
fpsstream_000852,repetitive_motion,How many balls went into the basket in the clip?,3,C,8.0,1.0,query,349.922,350,600,False,0.0,B,B,C,"['1', '2', '3', '4', 'None of the above']",2,0.5899,True,fpsbench_000856,middle,0.576,336.922,351.938,349.922,30.0,order_157.mp4,337,349,13,-2.016,0,0,True,28,64,5,1.0,4.4643,15485,68600,0.2257,15680,80,15000,899153920,64,1
fpsstream_000853,fine_grained_motion,What touched the ball just before the player shoots to score a goal with his leg?,The torso of the player who scored,B,4.0,1.0,query,467.156,468,600,False,0.0,D,D,B,"[""Defender's foot"", 'The torso of the player who scored', 'The right leg of the player who scored with his left leg', 'The left leg of the player who scored with his right leg', 'None of the above']",2,0.5334,True,fpsbench_000857,late,0.7765,458.156,468.166,467.156,30.0,order_50.mp4,459,467,9,-1.01,0,0,True,28,64,3,0.9286,2.6071,19592,91728,0.2136,19600,100,15000,1123942400,64,1
fpsstream_000854,fine_grained_motion,How did the player in green stop the ball just before falling down on the ground?,With his right leg,B,5.0,1.0,query,99.981,100,600,False,100.0,B,B,B,"['With his left leg', 'With his right leg', 'With his knee', 'He tripped and fell before touching the ball and the other player got the ball', 'None of the above']",2,0.3092,True,fpsbench_000858,early,0.161,94.981,104.991,99.981,30.0,count_179.mp4,95,99,5,-5.01,0,0,True,28,35,3,1.0,3.0,6730,19600,0.3434,6860,35,15000,0,64,1
fpsstream_000855,fine_grained_motion,What did the red team player number 2 do to player 41 after player 41 scores a basket?,He taps his head,C,6.0,1.0,query,289.329,290,600,False,100.0,C,C,C,"['He pats his shoulder', 'He shouts in celebration', 'He taps his head', 'He gives him a handshake', 'None of the above']",2,0.6612,True,fpsbench_000859,middle,0.4785,282.329,292.339,289.329,24.0,subPlot_new_all_58.mp4,283,289,7,-3.01,0,0,True,28,64,4,1.0,3.6429,15841,56840,0.2787,15876,81,15000,910393344,64,1
fpsstream_000856,fine_grained_motion,What did the red team player number 6 do to player 41 after player 41 scores a basket?,He pats his arm,B,6.0,1.0,query,520.549,521,600,False,0.0,C,C,B,"['He pats his shoulder', 'He pats his arm', 'He taps his head', 'He gives him a handshake', 'None of the above']",2,0.6063,True,fpsbench_000860,late,0.8687,512.549,522.559,520.549,24.0,subPlot_new_all_125.mp4,513,520,8,-2.01,0,0,True,28,64,4,1.0,2.3571,40705,102116,0.3986,40768,208,15000,2337800192,64,1
fpsstream_000857,fine_grained_motion,How did the ball go into the basket?,The ball goes into the basket because the player tapped it in,C,5.0,1.0,query,87.174,88,600,False,0.0,D,D,C,"['The ball goes into the basket after deflection from the backboard', 'The ball goes into the basket after bouncing on the hoop', 'The ball goes into the basket because the player tapped it in', 'The ball goes into the basket after getting deflected from the backboard and a jumping player saved it from the defender', 'None of the above']",2,0.22,True,fpsbench_000861,early,0.141,83.174,93.174,87.174,30.0,surveil_28.mp4,84,87,4,-6.0,0,0,True,28,4,2,1.0,2.0,666,17248,0.0386,784,4,15000,0,64,1
fpsstream_000858,fine_grained_motion,Which action is not performed by the dancers in this video?,They raise both of their hands above the head,C,7.0,1.0,query,346.429,347,600,False,0.0,B,B,C,"['They rotate', 'They jump with both legs above ground', 'They raise both of their hands above the head', 'They raise their hat in front of their face', 'None of the above']",2,0.6011,True,fpsbench_000862,middle,0.5702,336.429,346.429,346.429,25.0,subPlot_new_all_50.mp4,337,346,10,0.0,0,0,True,28,64,3,0.7857,1.7143,21856,68012,0.3214,21952,112,15000,1258815488,64,1
fpsstream_000859,fine_grained_motion,Was the bicycle above the ground at any point of time in this video?,It was in air multiple times in the video,C,5.0,1.0,query,475.907,476,600,False,0.0,A,A,C,"['No it was always grounded', 'It was in air once when the bicycle jumped', 'It was in air multiple times in the video', 'One of its tyres was in air, but not both', 'None of the above']",2,0.6499,True,fpsbench_000863,late,0.7897,465.907,475.907,475.907,24.0,subPlot_new_all_178.mp4,466,475,10,0.0,0,0,True,28,64,4,0.9286,2.1786,32016,93296,0.3432,32144,164,15000,1843265536,64,1
fpsstream_000860,fine_grained_motion,Which of the following action was not done by the cyclist in the video?,Kicking with his leg mid air,B,12.0,1.0,query,165.896,166,600,False,0.0,A,A,B,"['Balancing on one tyre without bouncing', 'Kicking with his leg mid air', 'Rotating the handle of the front wheel mid air', 'Bouncing on one tyre mutliple times', 'None of the above']",2,0.2805,True,fpsbench_000864,early,0.2567,149.896,165.912,165.896,30.0,count_23.mp4,150,165,16,-0.016,0,0,True,28,39,6,1.0,6.0,7530,32536,0.2314,7644,39,15000,0,64,1
fpsstream_000861,fine_grained_motion,What does the cyclist do just before landing on one tyre?,He removes both his hands from the handle,D,12.0,1.0,query,288.136,289,600,False,100.0,D,D,D,"['He spins the handle of front wheel', 'He sits on the seat', 'He kicks his leg in air', 'He removes both his hands from the handle', 'None of the above']",2,0.3513,True,fpsbench_000865,middle,0.4732,280.136,288.144,288.136,30.0,order_82.mp4,281,288,8,-0.008,0,0,True,28,64,4,1.0,4.0,12462,56644,0.22,12544,64,15000,0,64,1
fpsstream_000862,fine_grained_motion,Which person on skateboard ground the front wheels of their skateboard before the decline on the ramp?,1st person,A,6.0,1.0,query,478.883,479,600,False,0.0,B,B,A,"['1st person', '2nd person', '3rd person', '4th person', 'None of the above']",2,0.5923,True,fpsbench_000866,late,0.7981,470.883,480.883,478.883,25.0,subPlot_new_all_96.mp4,471,478,8,-2.0,0,0,True,28,64,4,0.9643,2.7857,31625,93884,0.3369,31752,162,15000,1820786688,64,1
fpsstream_000863,fine_grained_motion,Which action is not performed by the cyclist in this video?,Cycling on one tyre,D,8.0,1.0,query,71.743,72,600,False,0.0,E,E,D,"['Rotating the entire cycle', 'Stabilizing the cycle on one tyre', 'Rotating the front handle mid air', 'Cycling on one tyre', 'None of the above']",2,0.2554,True,fpsbench_000867,early,0.1016,59.743,71.756,71.743,30.0,count_224.mp4,60,71,12,-0.013,0,0,True,28,22,7,1.0,7.0,4155,14112,0.2944,4312,22,15000,0,64,1
fpsstream_000864,fine_grained_motion,What does the cyclist do just before landing?,He kicks his leg in air,C,5.0,1.0,query,279.423,280,600,False,0.0,D,D,C,"['He spins the handle of front wheel', 'He sits on the seat', 'He kicks his leg in air', 'He removes both his hands from the handle', 'None of the above']",2,0.6358,True,fpsbench_000868,middle,0.4603,273.423,279.429,279.423,24.0,subPlot_new_all_46.mp4,274,279,6,-0.006,0,0,True,28,64,3,1.0,2.1429,25184,54880,0.4589,25284,129,15000,1449885696,64,1
fpsstream_000865,fine_grained_motion,Did the guy touch the ball just before falling down?,Yes he managed to touch the ball with his left hand,B,8.0,1.0,query,480.668,481,600,False,100.0,B,B,B,"['No he was not able to touch the ball before falling down', 'Yes he managed to touch the ball with his left hand', 'Yes he managed to touch the ball with his right hand', 'Yes, he managed to touch the ball with his body', 'None of the above']",2,0.5532,True,fpsbench_000869,late,0.7984,472.668,480.668,480.668,25.0,subPlot_new_all_173.mp4,473,480,8,0.0,0,0,True,28,64,4,0.9643,3.1429,26426,94276,0.2803,26460,135,15000,1517322240,64,1
fpsstream_000866,fine_grained_motion,Which action does the women not do in the video?,She shakes her head up and down,C,6.0,1.0,query,147.738,148,600,False,100.0,C,C,C,"['She looks up', 'She shakes her head from left to right', 'She shakes her head up and down', 'She bowed down a little', 'None of the above']",2,0.3975,True,fpsbench_000870,early,0.2335,137.738,147.748,147.738,24.0,subPlot_new_all_163.mp4,138,147,10,-0.01,0,0,True,28,51,3,1.0,3.0,9833,29008,0.339,9996,51,15000,0,64,1
fpsstream_000867,fine_grained_motion,With which foot does the player hit the ball just before falling on the ground two times in the video?,Both times with the left foot,B,5.0,1.0,query,305.236,306,600,False,0.0,D,D,B,"['Both times with the right foot', 'Both times with the left foot', 'First time with left foot and second time with right foot', 'First time with right foot and second time with left foot', 'None of the above']",2,0.6563,True,fpsbench_000871,middle,0.5004,295.236,305.236,305.236,30.0,order_47.mp4,296,305,10,0.0,0,0,True,28,64,4,1.0,3.0,17400,59976,0.2901,17444,89,15000,1000308736,64,1
fpsstream_000868,fine_grained_motion,How did the person near the goal post score the goal?,He tapped the ball in after the pass with his right foot,A,5.0,1.0,query,453.661,454,600,False,0.0,B,B,A,"['He tapped the ball in after the pass with his right foot', 'He tapped the ball in after the pass with his left foot', 'He did not score the goal, the other player away from goal post scored the goal', 'He scored the goal by the deflecting the ball mid air with his left knee', 'None of the above']",2,0.6226,True,fpsbench_000872,late,0.7596,449.661,457.661,453.661,25.0,subPlot_new_all_52.mp4,450,453,4,-4.0,0,0,True,28,64,3,1.0,1.6071,23218,88984,0.2609,23324,119,15000,1337491456,64,1
fpsstream_000869,fine_grained_motion,How did the ball go into the goal?,The ball hit the top goal post and then went into the goal,D,7.0,1.0,query,73.458,74,600,False,0.0,C,C,D,"['The ball went into the goal directly as the player headed the ball mid air', ""The ball went into the goal after deflecting from the goalkeeper's glove"", 'The ball went into the goal directly as the player shot it mid air with his foot', 'The ball hit the top goal post and then went into the goal', 'None of the above']",2,0.3149,True,fpsbench_000873,early,0.1177,69.458,79.458,73.458,25.0,subPlot_new_all_176.mp4,70,73,4,-6.0,0,0,True,28,22,3,1.0,3.0,4156,14504,0.2865,4312,22,15000,0,64,1
fpsstream_000870,fine_grained_motion,What action does the girl do just before initiating the spin?,She lifts her left leg and spins once,A,4.0,1.0,query,303.758,304,600,False,0.0,C,C,A,"['She lifts her left leg and spins once', 'She lifts her right leg and spins once', 'She raises her arms', 'She spins without raising any leg', 'None of the above']",2,0.6923,True,fpsbench_000874,middle,0.4979,293.758,303.758,303.758,25.0,movie101_0.mp4,294,303,10,0.0,0,0,True,28,64,5,1.0,2.6786,20495,59584,0.344,20580,105,15000,1180139520,64,1
fpsstream_000871,causality_detection,What causes the rally to end?,The player in red hits the ball onto his side of the table instead of his opponent's side,B,7.0,1.0,query,464.211,465,600,False,0.0,A,A,B,"['The player in red misses the table entirely with his return shot', ""The player in red hits the ball onto his side of the table instead of his opponent's side"", 'The player in red misses the ball with his paddle when attempting to return the ball', 'The player in red hits the ball into the net', 'None of the above']",2,0.6498,True,fpsbench_000875,late,0.7714,458.211,464.211,464.211,25.0,subPlot_new_all_91.mp4,459,464,6,0.0,0,0,True,28,64,3,1.0,2.2143,38072,91140,0.4177,38220,195,15000,2191687680,64,1
fpsstream_000872,causality_detection,What causes the rally to end?,The player in red misses the table entirely with his return shot,A,4.0,1.0,query,125.201,126,600,False,100.0,A,A,A,"['The player in red misses the table entirely with his return shot', ""The player in red hits the ball onto his side of the table instead of his opponent's side"", 'The player in red misses the ball with his paddle when attempting to return the ball', 'The player in red hits the ball into the net', 'None of the above']",2,0.3332,True,fpsbench_000876,early,0.2007,119.201,125.201,125.201,30.0,order_276.mp4,120,125,6,0.0,0,0,True,28,45,3,1.0,3.0,8670,24696,0.3511,8820,45,15000,0,64,1
fpsstream_000873,causality_detection,What causes the rally to end?,The player in black fails to react to his opponent's return,D,4.0,1.0,query,301.124,302,600,False,0.0,A,A,D,"['The player in red misses the table entirely with his return shot', ""The player in red hits the ball onto his side of the table instead of his opponent's side"", 'The player in black misses the ball with his paddle when attempting to return the ball', ""The player in black fails to react to his opponent's return"", 'None of the above']",2,0.611,True,fpsbench_000877,middle,0.4977,296.124,301.124,301.124,30.0,count_222.mp4,297,301,5,0.0,0,0,True,28,64,2,1.0,1.8214,19365,59192,0.3272,19404,99,15000,1112702976,64,1
fpsstream_000874,instance_count,How many cards does the guy skip to get the 7 of spades on the table?,4,C,10.0,1.0,query,527.111,528,600,False,0.0,B,B,C,"['2', '3', '4', '5', 'None of the above']",2,0.7009,True,fpsbench_000878,late,0.8803,521.111,529.111,527.111,25.0,subPlot_new_all_187.mp4,522,527,6,-2.0,0,0,True,28,64,3,0.7857,1.6429,26300,103488,0.2541,26460,135,15000,1517322240,64,1
fpsstream_000875,speed_recognition,How does the speed of the car change throughout the video?,The car speeds up,C,12.0,1.0,query,168.272,169,600,False,100.0,C,C,C,"['The car slows down', 'The car stays the same speed', 'The car speeds up', 'The car speeds up, then slows down', 'None of the above']",2,0.3481,True,fpsbench_000879,early,0.2732,162.272,168.278,168.272,25.0,movie101_51.mp4,163,168,6,-0.006,0,0,True,28,62,3,1.0,3.0,12084,33124,0.3648,12152,62,15000,0,64,1
fpsstream_000876,speed_recognition,How does the speed of the car change throughout the video?,The car speeds up,C,11.0,1.0,query,343.181,344,600,False,0.0,A,A,C,"['The car slows down', 'The car stays the same speed', 'The car speeds up', 'The car speeds up, then slows down', 'None of the above']",2,0.2669,True,fpsbench_000880,middle,0.5684,338.181,343.186,343.181,30.0,surveil_107.mp4,339,343,5,-0.005,0,0,True,28,27,3,1.0,3.0,5213,67424,0.0773,5292,27,15000,0,64,1
fpsstream_000877,speed_recognition,How does the speed of the car change throughout the video?,"The car speeds up, then slows down",D,10.0,1.0,query,457.836,458,600,False,0.0,C,C,D,"['The car slows down', 'The car stays the same speed', 'The car speeds up', 'The car speeds up, then slows down', 'None of the above']",2,0.6327,True,fpsbench_000881,late,0.7595,448.836,457.845,457.836,25.0,count_200.mp4,449,457,9,-0.009,0,0,True,28,64,3,0.8214,1.75,30328,89768,0.3378,30380,155,15000,1742110720,64,1
fpsstream_000878,speed_recognition,How does the speed of the car change throughout the video?,The car stays the same speed,B,9.0,1.0,query,176.396,177,600,False,0.0,C,C,B,"['The car slows down', 'The car stays the same speed', 'The car speeds up', 'The car speeds up, then slows down', 'None of the above']",2,0.3869,True,fpsbench_000882,early,0.2869,170.396,176.402,176.396,25.0,order_121.mp4,171,176,6,-0.006,0,0,True,28,64,3,1.0,2.8929,12710,34692,0.3664,12740,65,15000,0,64,1
fpsstream_000879,speed_recognition,How does the speed of the car change throughout the video?,The car stays the same speed,B,9.0,1.0,query,295.529,296,600,False,0.0,C,C,B,"['The car slows down', 'The car stays the same speed', 'The car speeds up', 'The car speeds up, then slows down', 'None of the above']",2,0.251,True,fpsbench_000883,middle,0.4883,290.529,295.534,295.529,30.0,surveil_57.mp4,291,295,5,-0.005,0,0,True,28,3,2,1.0,2.0,531,58016,0.0092,588,3,15000,0,64,1
fpsstream_000880,speed_recognition,How does the speed of the car change throughout the video?,The car speeds up,C,9.0,1.0,query,504.407,505,600,False,100.0,C,C,C,"['The car slows down', 'The car stays the same speed', 'The car speeds up', 'The car speeds up, then slows down', 'None of the above']",2,0.5872,True,fpsbench_000884,late,0.8391,498.407,504.407,504.407,25.0,count_1.mp4,499,504,6,0.0,0,0,True,28,64,3,1.0,1.6786,25637,98980,0.259,25676,131,15000,1472364544,64,1
fpsstream_000881,speed_recognition,How does the speed of the car change throughout the video?,The car stays the same speed,B,5.0,1.0,query,166.951,167,600,False,0.0,C,C,B,"['The car slows down', 'The car stays the same speed', 'The car speeds up', 'The car speeds up, then slows down', 'None of the above']",2,0.3158,True,fpsbench_000885,early,0.266,156.951,166.961,166.951,25.0,subPlot_new_all_8.mp4,157,166,10,-0.01,0,0,True,28,53,3,1.0,3.0,10349,32732,0.3162,10388,53,15000,0,64,1
fpsstream_000882,speed_recognition,How does the speed of the car change throughout the video?,The car stays the same speed,B,5.0,1.0,query,356.369,357,600,False,0.0,C,C,B,"['The car slows down', 'The car stays the same speed', 'The car speeds up', 'The car speeds up, then slows down', 'None of the above']",2,0.5704,True,fpsbench_000886,middle,0.5871,346.369,356.379,356.369,25.0,order_139.mp4,347,356,10,-0.01,0,0,True,28,64,2,0.7857,1.3571,18390,69972,0.2628,18424,94,15000,1056505856,64,1
fpsstream_000883,speed_recognition,How does the speed of the car change throughout the video?,The car slows down,A,7.0,1.0,query,538.268,539,600,False,0.0,B,B,A,"['The car slows down', 'The car stays the same speed', 'The car speeds up', 'The car speeds up, then slows down', 'None of the above']",2,0.6463,True,fpsbench_000887,late,0.8954,528.268,538.278,538.268,25.0,subPlot_new_all_0.mp4,529,538,10,-0.01,0,0,True,28,64,2,0.9286,1.8214,31513,105644,0.2983,31556,161,15000,1809547264,64,1
fpsstream_000884,speed_recognition,How does the speed of the car change throughout the video?,The car speeds up,C,11.0,1.0,query,133.84,134,600,False,100.0,C,C,C,"['The car slows down', 'The car stays the same speed', 'The car speeds up', 'The car speeds up, then slows down', 'None of the above']",2,0.2569,True,fpsbench_000888,early,0.2139,126.84,133.847,133.84,30.0,count_187.mp4,127,133,7,-0.007,0,0,True,28,34,2,1.0,2.0,6643,26264,0.2529,6664,34,15000,0,64,1
fpsstream_000885,speed_recognition,How does the speed of the car change throughout the video?,The car slows down,A,8.0,1.0,query,326.875,327,600,False,0.0,C,C,A,"['The car slows down', 'The car stays the same speed', 'The car speeds up', 'The car speeds up, then slows down', 'None of the above']",2,0.6187,True,fpsbench_000889,middle,0.5394,319.875,326.882,326.875,30.0,count_102.mp4,320,326,7,-0.007,0,0,True,28,64,3,1.0,2.0357,16770,64092,0.2617,16856,86,15000,966590464,64,1
fpsstream_000886,speed_recognition,How does the speed of the car change throughout the video?,The car stays the same speed,B,4.0,1.0,query,512.634,513,600,False,100.0,B,B,B,"['The car slows down', 'The car stays the same speed', 'The car speeds up', 'The car speeds up, then slows down', 'None of the above']",2,0.7059,True,fpsbench_000890,late,0.8527,505.634,512.634,512.634,30.0,order_130.mp4,506,512,7,0.0,0,0,True,28,64,3,0.7143,1.5714,37085,100548,0.3688,37240,190,15000,2135490560,64,1
fpsstream_000887,speed_recognition,How does the speed of the car change throughout the video?,The car slows down,A,10.0,1.0,query,98.159,99,600,False,0.0,B,B,A,"['The car slows down', 'The car stays the same speed', 'The car speeds up', 'The car speeds up, then slows down', 'None of the above']",2,0.2452,True,fpsbench_000891,early,0.1552,92.159,98.165,98.159,24.0,subPlot_new_all_154.mp4,93,98,6,-0.006,0,0,True,28,32,2,1.0,2.0,6202,19404,0.3196,6272,32,15000,0,64,1
fpsstream_000888,speed_recognition,How does the speed of the car change throughout the video?,"The car slows down, then speeds up",D,7.0,1.0,query,354.736,355,600,False,0.0,B,B,D,"['The car slows down', 'The car speeds up, then slows down', 'The car speeds up', 'The car slows down, then speeds up', 'None of the above']",2,0.6991,True,fpsbench_000892,middle,0.5843,344.736,354.736,354.736,30.0,order_22.mp4,345,354,10,0.0,0,0,True,28,64,3,1.0,2.75,24055,69580,0.3457,24108,123,15000,1382449152,64,1
fpsstream_000889,speed_recognition,How does the speed of the car change throughout the video?,"The car speeds up, then slows down",B,7.0,1.0,query,531.854,532,600,False,0.0,C,C,B,"['The car slows down', 'The car speeds up, then slows down', 'The car speeds up', 'The car slows down, then speeds up', 'None of the above']",2,0.5953,True,fpsbench_000893,late,0.8851,524.854,531.854,531.854,30.0,count_177.mp4,525,531,7,0.0,0,0,True,28,64,4,0.9286,1.5357,28225,104272,0.2707,28420,145,15000,1629716480,64,1
fpsstream_000890,speed_recognition,How does the speed of the car change throughout the video?,"The car speeds up, then slows down",B,8.0,1.0,query,126.996,127,600,False,100.0,B,B,B,"['The car slows down', 'The car speeds up, then slows down', 'The car speeds up', 'The car slows down, then speeds up', 'None of the above']",2,0.3284,True,fpsbench_000894,early,0.2024,119.996,126.996,126.996,24.0,subPlot_new_all_37.mp4,120,126,7,0.0,0,0,True,28,39,2,1.0,2.0,7624,24892,0.3063,7644,39,15000,0,64,1
fpsstream_000891,speed_recognition,How does the speed of the car change throughout the video?,"The car speeds up, then slows down",B,7.0,1.0,query,325.421,326,600,False,0.0,C,C,B,"['The car slows down', 'The car speeds up, then slows down', 'The car speeds up', 'The car slows down, then speeds up', 'None of the above']",2,0.6055,True,fpsbench_000895,middle,0.5377,319.421,325.421,325.421,25.0,order_92.mp4,320,325,6,0.0,0,0,True,28,64,3,1.0,2.1071,15572,63896,0.2437,15680,80,15000,899153920,64,1
fpsstream_000892,speed_recognition,How does the speed of the car change throughout the video?,The car slows down,A,11.0,1.0,query,485.334,486,600,False,0.0,C,C,A,"['The car slows down', 'The car speeds up, then slows down', 'The car speeds up', 'The car slows down, then speeds up', 'None of the above']",2,0.6594,True,fpsbench_000896,late,0.8057,475.334,485.334,485.334,28.0,order_31.mp4,476,485,10,0.0,0,0,True,28,64,4,1.0,2.5357,36270,95256,0.3808,36456,186,15000,2090532864,64,1
fpsstream_000893,speed_recognition,How does the speed of the car change throughout the video?,The car stays the same speed,B,5.0,1.0,query,78.208,79,600,False,100.0,B,B,B,"['The car slows down', 'The car stays the same speed', 'The car speeds up', 'The car speeds up, then slows down', 'None of the above']",2,0.3315,True,fpsbench_000897,early,0.1156,68.208,78.218,78.208,30.0,order_23.mp4,69,78,10,-0.01,0,0,True,28,23,3,1.0,3.0,4464,15484,0.2883,4508,23,15000,0,64,1
fpsstream_000894,speed_recognition,How does the speed of the car change throughout the video?,The car speeds up,C,11.0,1.0,query,281.322,282,600,False,100.0,C,C,C,"['The car slows down', 'The car speeds up, then slows down', 'The car speeds up', 'The car slows down, then speeds up', 'None of the above']",2,0.5541,True,fpsbench_000898,middle,0.4617,273.322,281.33,281.322,25.0,subPlot_new_all_146.mp4,274,281,8,-0.008,0,0,True,28,64,3,1.0,1.9643,15492,55272,0.2803,15680,80,15000,899153920,64,1
fpsstream_000895,speed_recognition,How does the speed of the car change throughout the video?,The car stays the same speed,D,4.0,1.0,query,512.444,513,600,False,0.0,C,C,D,"['The car slows down', 'The car speeds up, then slows down', 'The car speeds up', 'The car stays the same speed', 'None of the above']",2,0.8091,True,fpsbench_000899,late,0.8529,507.444,512.449,512.444,25.0,subPlot_new_all_35.mp4,508,512,5,-0.005,0,0,True,28,64,3,0.9643,2.25,35482,100548,0.3529,35672,182,15000,2045575168,64,1
fpsstream_000896,speed_recognition,How does the speed of the car change throughout the video?,"The car speeds up, then slows down",B,13.0,1.0,query,174.299,175,600,False,0.0,C,C,B,"['The car slows down', 'The car speeds up, then slows down', 'The car speeds up', 'The car slows down, then speeds up', 'None of the above']",2,0.3457,True,fpsbench_000900,early,0.2785,164.299,174.299,174.299,25.0,subPlot_new_all_26.mp4,165,174,10,0.0,0,0,True,28,57,3,1.0,3.0,11114,34300,0.324,11172,57,15000,0,64,1
fpsstream_000897,speed_recognition,How does the speed of the car change throughout the video?,The car speeds up,C,7.0,1.0,query,320.063,321,600,False,100.0,C,C,C,"['The car slows down', 'The car speeds up, then slows down', 'The car speeds up', 'The car slows down, then speeds up', 'None of the above']",2,0.6878,True,fpsbench_000901,middle,0.5287,314.063,320.069,320.063,30.0,order_106.mp4,315,320,6,-0.006,0,0,True,28,64,3,1.0,1.5357,18488,62916,0.2939,18620,95,15000,1067745280,64,1
fpsstream_000898,speed_recognition,How does the speed of the car change throughout the video?,The car stays the same speed,D,6.0,1.0,query,485.57,486,600,False,0.0,C,C,D,"['The car slows down', 'The car speeds up, then slows down', 'The car speeds up', 'The car stays the same speed', 'None of the above']",2,0.7832,True,fpsbench_000902,late,0.8074,479.57,485.57,485.57,25.0,order_53.mp4,480,485,6,0.0,0,0,True,28,64,3,0.9643,1.9643,30453,95256,0.3197,30576,156,15000,1753350144,64,1
fpsstream_000899,speed_recognition,How does the speed of the car change throughout the video?,"The car speeds up, then slows down",B,9.0,1.0,query,108.218,109,600,False,0.0,C,C,B,"['The car slows down', 'The car speeds up, then slows down', 'The car speeds up', 'The car stays the same speed', 'None of the above']",2,0.3052,True,fpsbench_000903,early,0.1749,104.218,108.218,108.218,30.0,order_151.mp4,105,108,4,0.0,0,0,True,28,22,2,1.0,2.0,4260,21364,0.1994,4312,22,15000,0,64,1
fpsstream_000900,speed_recognition,How does the speed of the car change throughout the video?,"The car speeds up, then slows down",B,11.0,1.0,query,323.08,324,600,False,0.0,C,C,B,"['The car slows down', 'The car speeds up, then slows down', 'The car speeds up', 'The car stays the same speed', 'None of the above']",2,0.6346,True,fpsbench_000904,middle,0.5361,320.08,323.08,323.08,25.0,subPlot_new_all_180.mp4,321,323,3,0.0,0,0,True,28,64,3,1.0,2.4286,21382,63504,0.3367,21560,110,15000,1236336640,64,1
fpsstream_000901,speed_recognition,How does the speed of the car change throughout the video?,The car speeds up,C,7.0,1.0,query,434.761,435,600,False,100.0,C,C,C,"['The car slows down', 'The car speeds up, then slows down', 'The car speeds up', 'The car stays the same speed', 'None of the above']",2,0.6317,True,fpsbench_000905,late,0.7228,430.761,434.761,434.761,30.0,count_18.mp4,431,434,4,0.0,0,0,True,28,64,3,0.75,0.75,23733,85260,0.2784,23912,122,15000,1371209728,64,1
fpsstream_000902,speed_recognition,How does the speed of the car change throughout the video?,The car speeds up,A,7.0,1.0,query,91.548,92,600,False,100.0,A,A,A,"['The car speeds up', 'The car speeds up, then slows down', 'The car slows down', 'The car stays the same speed', 'None of the above']",2,0.2836,True,fpsbench_000906,early,0.1455,86.548,91.553,91.548,25.0,movie101_25.mp4,87,91,5,-0.005,0,0,True,28,23,2,1.0,2.0,4473,18032,0.2481,4508,23,15000,0,64,1
fpsstream_000903,speed_recognition,How does the speed of the car change as they take the left turn?,They maintain the same speed as they turn,C,4.0,1.0,query,254.117,255,600,False,0.0,A,A,C,"['They slow down to take the turn', 'They speed up as they turn', 'They maintain the same speed as they turn', 'They initially slow down as they approach the intersection, then speed up as they take the turn', 'None of the above']",2,0.3145,True,fpsbench_000907,middle,0.4177,248.117,254.123,254.117,25.0,subPlot_new_all_20.mp4,249,254,6,-0.006,0,0,True,28,48,3,1.0,3.0,9275,49980,0.1856,9408,48,15000,0,64,1
fpsstream_000904,speed_recognition,How does the speed of the car change throughout the video?,The car slows down,A,7.0,1.0,query,516.159,517,600,False,0.0,C,C,A,"['The car slows down', 'The car speeds up, then slows down', 'The car speeds up', 'The car stays the same speed', 'None of the above']",2,0.5916,True,fpsbench_000908,late,0.8591,511.159,516.164,516.159,30.0,count_185.mp4,512,516,5,-0.005,0,0,True,28,64,3,1.0,2.0357,30448,101332,0.3005,30576,156,15000,1753350144,64,1
fpsstream_000905,speed_recognition,How does the speed of the car change throughout the video?,The car speeds up,C,8.0,1.0,query,73.551,74,600,False,100.0,C,C,C,"['The car slows down', 'The car speeds up, then slows down', 'The car speeds up', 'The car stays the same speed', 'None of the above']",2,0.2405,True,fpsbench_000909,early,0.1167,69.551,73.555,73.551,30.0,count_30.mp4,70,73,4,-0.004,0,0,True,28,22,3,1.0,3.0,4119,14504,0.284,4312,22,15000,0,64,1
fpsstream_000906,causality_detection,Why does the cat get launched upwards?,It gets flung by the man's arm while he is breakdancing,A,6.0,1.0,query,335.133,336,600,False,0.0,C,C,A,"[""It gets flung by the man's arm while he is breakdancing"", 'It gets flung by the mans leg while he is breakdancing', ""It jumps onto the man's back, and then jumps upwards off of him"", ""It jumps onto the man's head, and then jumps upwards off of him"", 'None of the above']",2,0.6649,True,fpsbench_000910,middle,0.5533,328.133,335.14,335.133,30.0,order_111.mp4,329,335,7,-0.007,0,0,True,28,64,4,1.0,3.3571,16184,65856,0.2457,16268,83,15000,932872192,64,1
fpsstream_000907,causality_detection,What causes the end of the match?,A collision with the yellow beyblade causes the red beyblade to fall off the arena,B,4.0,1.0,query,503.946,504,600,False,0.0,A,A,B,"['A collision with the wall causes the red beyblade to fall off the arena', 'A collision with the yellow beyblade causes the red beyblade to fall off the arena', 'The red beyblade falls off the arena on its own, not due to any collision', 'A series of collisions with the wall and the yellow beyblade cause the red beyblade to fall off the arena', 'None of the above']",2,0.5865,True,fpsbench_000911,late,0.838,496.946,503.953,503.946,25.0,subPlot_new_all_25.mp4,497,503,7,-0.007,0,0,True,28,64,3,0.6071,0.6071,34962,98784,0.3539,35084,179,15000,2011856896,64,1
fpsstream_000908,causality_detection,Why does the man in red shorts almost fall over?,"While performing the cartwheel kick, the other fighter catches one leg and tries to sweep the other",D,4.0,1.0,query,141.882,142,600,False,0.0,B,B,D,"['Due to an unstable landing after the cartwheel kick he performed', 'Before fully regaining his balance after the cartwheel kick, the other fighter sweeps his leg', 'After fully regaining his balance after the cartwheel kick, the other fighter sweeps his legs', 'While performing the cartwheel kick, the other fighter catches one leg and tries to sweep the other', 'None of the above']",2,0.3019,True,fpsbench_000912,early,0.2252,132.882,142.882,141.882,25.0,subPlot_new_all_1.mp4,133,141,9,-1.0,0,0,True,28,42,4,1.0,4.0,8097,27832,0.2909,8232,42,15000,0,64,1
fpsstream_000909,causality_detection,What best describes why the wrestler on the right falls over?,"The other wrestler grabs him by his ankle, then tackles his legs to bring him down",C,5.0,1.0,query,292.158,293,600,False,100.0,C,C,C,"['The other wrestler tries to grab his feet and fails, but then he trips on his own feet', 'The other wrestler trips him by grabbing his feet', 'The other wrestler grabs him by his ankle, then tackles his legs to bring him down', 'He trips on his own feet', 'None of the above']",2,0.2715,True,fpsbench_000913,middle,0.4826,287.158,292.163,292.158,30.0,surveil_103.mp4,288,292,5,-0.005,0,0,True,28,14,3,1.0,3.0,2581,57428,0.0449,2744,14,15000,0,64,1
fpsstream_000910,causality_detection,Why does the skateboarder fall over?,"The skateboarder does not land on the skateboard after jumping, landing on the ground instead and falling over",C,4.0,1.0,query,451.299,452,600,False,100.0,C,C,C,"['The skateboarder fails to get the skateboard to land where intended, and lands unsteadily on the skateboard', 'The skateboarder lands the jump stably, but then loses balance after', 'The skateboarder does not land on the skateboard after jumping, landing on the ground instead and falling over', 'The skateboarder loses balance right before attempting the jump, falling over', 'None of the above']",2,0.6464,True,fpsbench_000914,late,0.7518,447.299,452.299,451.299,30.0,count_14.mp4,448,451,4,-1.0,0,0,True,28,64,2,0.7143,0.8929,24810,88592,0.28,24892,127,15000,1427406848,64,1
fpsstream_000911,causality_detection,Why does the skateboarder fall over?,"The skateboarder lands on the skateboard, but the skateboard slips away under foot, causing him to fall",D,4.0,1.0,query,123.91,124,600,False,0.0,C,C,D,"['The skateboarder fails to get the skateboard to land where intended, and lands unsteadily on the skateboard', 'The skateboarder lands the jump stably, but then loses balance after', 'The skateboarder does not land on the skateboard after jumping, landing on the ground instead and falling over', 'The skateboarder lands on the skateboard, but the skateboard slips away under foot, causing him to fall', 'None of the above']",2,0.2403,True,fpsbench_000915,early,0.2012,119.91,123.91,123.91,30.0,count_58.mp4,120,123,4,0.0,0,0,True,28,27,3,1.0,3.0,5163,24304,0.2124,5292,27,15000,0,64,1
fpsstream_000912,causality_detection,What causes the rally to end?,The player facing the camera misses the ball with his paddle,C,6.0,1.0,query,275.958,276,600,False,0.0,A,A,C,"['The ball hit by the player facing away from the camera misses the table', 'The ball hit by the player facing the camera misses the table', 'The player facing the camera misses the ball with his paddle', 'The player facing away from the camera misses the ball with his paddle', 'None of the above']",2,0.6239,True,fpsbench_000916,middle,0.4563,271.958,275.958,275.958,24.0,subPlot_new_all_165.mp4,272,275,4,0.0,0,0,True,28,64,3,1.0,2.5357,15573,54096,0.2879,15680,80,15000,899153920,64,1
fpsstream_000913,causality_detection,What causes the rally to end?,The ball hit by the player facing away from the camera misses the table,A,4.0,1.0,query,528.065,529,600,False,0.0,B,B,A,"['The ball hit by the player facing away from the camera misses the table', 'The ball hit by the player facing the camera misses the table', 'The player facing the camera misses the ball with his paddle', 'The player facing away from the camera misses the ball with his paddle', 'None of the above']",2,0.6111,True,fpsbench_000917,late,0.8791,523.065,528.065,528.065,25.0,subPlot_new_all_28.mp4,524,528,5,0.0,0,0,True,28,64,2,1.0,1.8571,25627,103684,0.2472,25676,131,15000,1472364544,64,1
fpsstream_000914,causality_detection,What causes the rally to end?,The player facing the camera misses the ball with his paddle,C,7.0,1.0,query,163.534,164,600,False,0.0,A,A,C,"['The ball hit by the player facing away from the camera misses the table', 'The ball hit by the player facing the camera misses the table', 'The player facing the camera misses the ball with his paddle', 'The player facing away from the camera misses the ball with his paddle', 'None of the above']",2,0.4182,True,fpsbench_000918,early,0.264,156.534,163.534,163.534,25.0,subPlot_new_all_171.mp4,157,163,7,0.0,0,0,True,28,64,4,1.0,3.8929,12621,32144,0.3926,12740,65,15000,0,64,1
fpsstream_000915,repetitive_motion,How many times does the chef continuously toss the noodles in the pan in the video?,9,C,10.0,1.0,query,302.718,303,600,False,0.0,D,D,C,"['4', '5', '9', '10', 'None of the above']",2,0.6484,True,fpsbench_000919,middle,0.4961,292.718,302.728,302.718,25.0,subPlot_new_all_7.mp4,293,302,10,-0.01,0,0,True,28,64,5,1.0,3.7857,17699,59388,0.298,17836,91,15000,1022787584,64,1
fpsstream_000916,repetitive_motion,How many times does the chef shake the salt container to sprinkle salt on the food?,6,D,10.0,1.0,query,432.752,433,600,False,0.0,A,A,D,"['3', '4', '5', '6', 'None of the above']",2,0.5393,True,fpsbench_000920,late,0.7165,422.752,432.762,432.752,30.0,order_125.mp4,423,432,10,-0.01,0,0,True,28,64,4,1.0,3.2857,17332,84868,0.2042,17444,89,15000,1000308736,64,1
fpsstream_000917,repetitive_motion,How many times does the women spin just before kissing the man?,5,C,4.0,1.0,query,78.663,79,600,False,0.0,A,A,C,"['3', '4', '5', '6', 'None of the above']",2,0.2401,True,fpsbench_000921,early,0.1198,70.663,80.663,78.663,25.0,subPlot_new_all_104.mp4,71,78,8,-2.0,0,0,True,28,21,4,1.0,4.0,4042,15484,0.261,4116,21,15000,0,64,1
fpsstream_000918,repetitive_motion,How many times does the singer wave his hand towards the audience?,7,D,4.0,1.0,query,263.653,264,600,False,0.0,C,C,D,"['4', '5', '6', '7', 'None of the above']",2,0.6027,True,fpsbench_000922,middle,0.427,250.653,263.653,263.653,25.0,subPlot_new_all_31.mp4,251,263,13,0.0,0,0,True,28,64,4,0.8571,2.2857,17850,51744,0.345,18032,92,15000,1034027008,64,1
fpsstream_000919,repetitive_motion,How many times do the performers jump on their toes with both hands in the air in this video?,8,C,6.0,1.0,query,487.23,488,600,False,0.0,A,A,C,"['6', '7', '8', '9', 'None of the above']",2,0.5488,True,fpsbench_000923,late,0.8123,479.23,489.23,487.23,25.0,subPlot_new_all_103.mp4,480,487,8,-2.0,0,0,True,28,64,3,1.0,2.8571,26971,95648,0.282,27048,138,15000,1551040512,64,1
fpsstream_000920,repetitive_motion,How many times do the performers swing their hands while moving forward?,8,D,6.0,1.0,query,167.064,168,600,False,0.0,B,B,D,"['5', '6', '7', '8', 'None of the above']",2,0.3171,True,fpsbench_000924,early,0.273,161.064,171.064,167.064,30.0,order_19.mp4,162,167,6,-4.0,0,0,True,28,56,2,1.0,2.0,10962,32928,0.3329,10976,56,15000,0,64,1
fpsstream_000921,repetitive_motion,How many times does the person playing guitar on the right moves his head in circular motions?,12,D,8.0,1.0,query,333.365,334,600,False,0.0,C,C,D,"['6', '8', '10', '12', 'None of the above']",2,0.5806,True,fpsbench_000925,middle,0.5481,323.365,333.375,333.365,30.0,order_258.mp4,324,333,10,-0.01,0,0,True,28,64,3,1.0,2.8571,21444,65464,0.3276,21560,110,15000,1236336640,64,1
fpsstream_000922,repetitive_motion,How many times does the person in the centre with a mic moves his head in circular motions?,11,C,6.0,1.0,query,488.675,489,600,False,0.0,B,B,C,"['9', '10', '11', '12', 'None of the above']",2,0.6015,True,fpsbench_000926,late,0.812,480.675,488.683,488.675,25.0,subPlot_new_all_57.mp4,481,488,8,-0.008,0,0,True,28,64,3,0.5,0.8929,32740,95844,0.3416,32928,168,15000,1888223232,64,1
fpsstream_000923,state_at_event,What is the match timer closest to at the moment when Mario lands the killing blow?,7:28.06,B,4.0,1.0,query,100.525,101,600,False,0.0,A,A,B,"['7:27.65', '7:28.06', '7:28.44', '7:27.33', 'None of the above']",2,0.2954,True,fpsbench_000927,early,0.1636,96.525,106.535,100.525,25.0,subPlot_new_all_176.mp4,97,100,4,-6.01,0,0,True,28,43,3,1.0,3.0,8379,19796,0.4233,8428,43,15000,0,64,1
fpsstream_000924,state_at_event,"When the blue marble crosses the first yellow bar in the red circular section of the track, where is the other marble?",Top right quadrant of the circular track,A,5.0,1.0,query,322.911,323,600,False,100.0,A,A,A,"['Top right quadrant of the circular track', 'Bottom left quadrant of the circular track', 'Bottom right quadrant of the circular track', 'Top left quadrant of the circular track', 'None of the above']",2,0.6079,True,fpsbench_000928,middle,0.5315,310.911,325.985,322.911,25.0,subPlot_new_all_5.mp4,311,322,12,-3.074,0,0,True,28,64,4,0.9643,3.6786,18811,63308,0.2971,18816,96,15000,1078984704,64,1
fpsstream_000925,state_at_event,"When the white marble crosses the first yellow bar in the red circular section of the track, where are the other two marbles?",The blue marble is nearer to the camera while the silver marble is away from it,C,5.0,1.0,query,455.211,456,600,False,0.0,D,D,C,"['The blue marble is in contact with the silver marble', 'The blue marble near the sink while the silver marble is away from it', 'The blue marble is nearer to the camera while the silver marble is away from it', 'The blue marble is in the top right quadrant, while the silver one is in the top left', 'None of the above']",2,0.6565,True,fpsbench_000929,late,0.7585,445.211,458.256,455.211,25.0,subPlot_new_all_113.mp4,446,455,10,-3.045,0,0,True,28,64,4,0.6786,1.25,27850,89376,0.3116,28028,143,15000,1607237632,64,1
fpsstream_000926,causality_detection,What causes the silver marble to drop into the sink before the white marble,The silver marble collides with the white marble head-on,B,6.0,1.0,query,122.144,123,600,False,0.0,D,D,B,"['The white marble always revolved slower', 'The silver marble collides with the white marble head-on', 'The white marble collides with the silver marble head-on', 'The silver marble collides side of the track which causes it to spiral toward the sink', 'None of the above']",2,0.3102,True,fpsbench_000930,early,0.1846,108.144,122.224,122.144,25.0,subPlot_new_all_118.mp4,109,122,14,-0.08,0,0,True,28,36,4,1.0,4.0,7043,24108,0.2921,7056,36,15000,0,64,1
fpsstream_000927,blink_and_miss,What best describes the interaction between the red car and the yellow car?,The two cars come very close to each other but do not touch,C,5.0,1.0,query,331.682,332,600,False,100.0,C,C,C,"['The red car touches the yellow car on its front left side', 'The red car collides with the yellow car', 'The two cars come very close to each other but do not touch', 'The yellow car touches the red car on its rear right side', 'None of the above']",2,0.7724,True,fpsbench_000931,middle,0.5455,319.682,333.696,331.682,25.0,subPlot_new_all_15.mp4,320,331,12,-2.014,0,0,True,28,64,4,1.0,3.2143,23163,65072,0.356,23324,119,15000,1337491456,64,1
fpsstream_000928,causality_detection,What caused the cream colored block to fall?,The yellow block nudged it and a steel ball fell on it,C,5.0,1.0,query,510.871,511,600,False,0.0,D,D,C,"['The yellow block nudged it and the string tugged it downward', 'Only the yellow block, which pushed it', 'The yellow block nudged it and a steel ball fell on it', 'The vibration due to the row of balls hitting made it slide down', 'None of the above']",2,0.6442,True,fpsbench_000932,late,0.8545,499.871,514.886,510.871,25.0,subPlot_new_all_10.mp4,500,510,11,-4.015,0,0,True,28,64,4,0.6429,1.0357,45933,100156,0.4586,46060,235,15000,2641264640,64,1
