model,sample_fps,arm,n_streams,throughput_fps,throughput_fps_sd,speedup_vs_baseline,keep_rate,reached_steady_state
flash_vstream_7b,1.0,baseline,3,10.413204308945547,0.8833824571578316,1.0,1.0,True
flash_vstream_7b,1.0,rlt@0.5,3,20.84270361855345,3.934545854618974,2.001564840195093,0.3689496527777778,True
flash_vstream_7b,1.0,rlt@0.7,3,31.349298582463103,6.960818086851927,3.01053332407319,0.17452256944444444,True
llava_ov_7b,1.0,baseline,3,11.575016469498483,0.08748967355671078,1.0,1.0,True
llava_ov_7b,1.0,rlt@0.5,3,22.567488074539845,1.3231467318974361,1.9496722215478317,0.3375481859410431,True
llava_ov_7b,1.0,rlt@0.7,3,35.9565627860709,5.808877986446696,3.1063940929000515,0.10761054421768708,False
longva_7b,1.0,baseline,3,11.64995823437649,1.0962510277331197,1.0,1.0,True
longva_7b,1.0,rlt@0.5,3,23.817933769667675,4.450932861748258,2.044465163779398,0.3580054012345679,True
longva_7b,1.0,rlt@0.7,3,32.61950656364613,7.30649012007989,2.7999676829220785,0.18064043209876543,True
