model,benchmark,arm,accuracy,n_videos,token_reduction,throughput_fps,kv_gb_per_hour,throughput_extrapolated
llava_ov_7b,odvbench,baseline,44.95,1190.0,0.0,11.401,37.683,False
llava_ov_7b,odvbench,rlt_ref0.25,44.78,1190.0,51.8,19.892,21.297,False
llava_ov_7b,odvbench,rlt_ref0.5,44.43,1190.0,79.07,32.061,11.871,False
llava_ov_7b,odvbench,rlt_ref0.6,44.31,1190.0,86.41,39.989,9.518,False
llava_ov_7b,odvbench,rlt_ref0.7,44.96,1190.0,91.14,44.702,8.119,False
llava_ov_7b,odvbench,rlt_ref0.8,45.58,1190.0,93.68,47.466,7.422,True
llava_ov_7b,odvbench,rlt_ref0.9,45.15,1190.0,94.85,51.689,6.495,True
llava_ov_7b,ovbench,baseline,42.89,1463.0,0.0,11.401,37.683,False
llava_ov_7b,ovbench,rlt_ref0.25,42.06,1463.0,49.46,21.179,19.494,False
llava_ov_7b,ovbench,rlt_ref0.5,42.03,1463.0,76.66,40.799,9.278,False
llava_ov_7b,ovbench,rlt_ref0.6,42.11,1463.0,86.04,55.002,5.768,True
llava_ov_7b,ovbench,rlt_ref0.7,43.13,1463.0,92.64,68.516,3.329,True
llava_ov_7b,ovbench,rlt_ref0.8,42.72,1463.0,96.35,78.179,1.979,True
llava_ov_7b,ovbench,rlt_ref0.9,42.65,1463.0,98.17,83.472,1.333,True
llava_ov_7b,ovobench_backward,baseline,45.73,275.0,0.0,11.401,37.683,False
llava_ov_7b,ovobench_backward,rlt_ref0.25,45.82,275.0,38.68,18.477,23.279,False
llava_ov_7b,ovobench_backward,rlt_ref0.5,45.44,275.0,74.47,39.036,9.801,False
llava_ov_7b,ovobench_backward,rlt_ref0.6,44.79,275.0,86.28,56.921,5.348,True
llava_ov_7b,ovobench_backward,rlt_ref0.7,44.64,275.0,93.53,73.444,2.63,True
llava_ov_7b,ovobench_backward,rlt_ref0.8,41.88,275.0,97.05,83.624,1.314,True
llava_ov_7b,ovobench_backward,rlt_ref0.9,41.59,275.0,98.57,86.461,0.766,True
llava_ov_7b,ovobench_realtime,baseline,63.1,,0.0,11.401,37.683,False
llava_ov_7b,ovobench_realtime,rlt_ref0.25,63.61,237.0,40.32,18.904,22.679,False
llava_ov_7b,ovobench_realtime,rlt_ref0.5,61.6,237.0,72.95,37.055,10.389,False
llava_ov_7b,ovobench_realtime,rlt_ref0.6,60.42,237.0,84.54,53.831,6.026,True
llava_ov_7b,ovobench_realtime,rlt_ref0.7,58.75,237.0,92.3,70.067,3.109,True
llava_ov_7b,ovobench_realtime,rlt_ref0.8,56.02,237.0,96.47,81.654,1.555,True
llava_ov_7b,ovobench_realtime,rlt_ref0.9,53.54,237.0,98.41,86.461,0.848,True
llava_ov_7b,rvs_ego,baseline,59.522,10.0,0.0,11.401,37.683,False
llava_ov_7b,rvs_ego,rlt_ref0.25,59.574,5.0,51.76,22.101,18.232,False
llava_ov_7b,rvs_ego,rlt_ref0.5,61.702,5.0,82.41,50.833,6.683,True
llava_ov_7b,rvs_ego,rlt_ref0.6,60.993,5.0,90.94,67.546,3.467,True
llava_ov_7b,rvs_ego,rlt_ref0.7,62.057,5.0,95.92,81.356,1.591,True
llava_ov_7b,rvs_ego,rlt_ref0.8,61.843,10.0,98.07,86.461,0.781,True
llava_ov_7b,rvs_ego,rlt_ref0.9,61.502,10.0,99.23,86.461,0.341,True
llava_ov_7b,rvs_movie,baseline,47.612,22.0,0.0,11.401,37.683,False
llava_ov_7b,rvs_movie,rlt_ref0.25,48.399,22.0,10.48,13.106,33.799,False
llava_ov_7b,rvs_movie,rlt_ref0.5,49.029,22.0,54.15,23.229,17.34,False
llava_ov_7b,rvs_movie,rlt_ref0.6,51.496,22.0,76.08,41.458,9.082,False
llava_ov_7b,rvs_movie,rlt_ref0.7,51.759,22.0,89.72,64.231,3.937,True
llava_ov_7b,rvs_movie,rlt_ref0.8,51.706,22.0,95.92,81.203,1.61,True
llava_ov_7b,rvs_movie,rlt_ref0.9,48.294,22.0,98.41,86.461,0.669,True
llava_ov_7b,streambench,baseline,65.98,275.0,0.0,11.401,37.683,False
llava_ov_7b,streambench,rlt_ref0.25,65.75,275.0,42.11,19.179,22.295,False
llava_ov_7b,streambench,rlt_ref0.5,65.28,275.0,73.56,36.81,10.461,False
llava_ov_7b,streambench,rlt_ref0.6,63.96,275.0,84.82,52.952,6.218,True
llava_ov_7b,streambench,rlt_ref0.7,60.61,275.0,92.38,68.217,3.372,True
llava_ov_7b,streambench,rlt_ref0.8,58.32,275.0,96.4,79.13,1.863,True
llava_ov_7b,streambench,rlt_ref0.9,52.68,275.0,98.25,83.948,1.275,True
llava_ov_7b,streamingbench_real,baseline,70.3,499.0,0.0,11.401,37.683,False
llava_ov_7b,streamingbench_real,rlt_ref0.25,70.62,499.0,46.85,20.668,20.209,False
llava_ov_7b,streamingbench_real,rlt_ref0.5,70.82,499.0,76.8,41.994,8.923,False
llava_ov_7b,streamingbench_real,rlt_ref0.6,69.38,499.0,86.73,57.657,5.186,True
llava_ov_7b,streamingbench_real,rlt_ref0.7,68.02,499.0,93.37,73.025,2.69,True
llava_ov_7b,streamingbench_real,rlt_ref0.8,65.29,499.0,96.98,83.449,1.336,True
llava_ov_7b,streamingbench_real,rlt_ref0.9,62.32,499.0,98.67,86.461,0.72,True
llava_ov_0.5b,odvbench,baseline,31.99,1190.0,0.0,18.188,8.075,False
llava_ov_0.5b,odvbench,rlt_ref0.25,30.66,1190.0,58.78,31.542,4.009,False
llava_ov_0.5b,odvbench,rlt_ref0.5,30.98,1190.0,87.39,47.139,1.954,False
llava_ov_0.5b,odvbench,rlt_ref0.6,30.36,1190.0,92.66,49.991,1.647,False
llava_ov_0.5b,odvbench,rlt_ref0.7,29.61,1190.0,94.89,57.58,1.339,True
llava_ov_0.5b,odvbench,rlt_ref0.8,29.19,1190.0,95.5,72.498,0.816,True
llava_ov_0.5b,odvbench,rlt_ref0.9,28.57,1190.0,95.59,85.86,0.44,True
llava_ov_0.5b,ovbench,baseline,37.17,1463.0,0.0,18.188,8.075,False
llava_ov_0.5b,ovbench,rlt_ref0.25,37.38,1463.0,54.47,32.99,3.774,False
llava_ov_0.5b,ovbench,rlt_ref0.5,37.21,1463.0,84.55,57.191,1.353,True
llava_ov_0.5b,ovbench,rlt_ref0.6,37.08,1463.0,92.71,75.644,0.706,True
llava_ov_0.5b,ovbench,rlt_ref0.7,37.42,1463.0,97.24,89.224,0.356,True
llava_ov_0.5b,ovbench,rlt_ref0.8,36.8,1463.0,98.93,94.475,0.225,True
llava_ov_0.5b,ovbench,rlt_ref0.9,35.73,1463.0,99.38,97.89,0.151,True
llava_ov_0.5b,ovobench_backward,baseline,33.88,275.0,0.0,18.188,8.075,False
llava_ov_0.5b,ovobench_backward,rlt_ref0.25,33.04,275.0,43.79,28.538,4.575,False
llava_ov_0.5b,ovobench_backward,rlt_ref0.5,32.27,275.0,83.51,56.735,1.369,True
llava_ov_0.5b,ovobench_backward,rlt_ref0.6,31.71,275.0,93.19,79.834,0.591,True
llava_ov_0.5b,ovobench_backward,rlt_ref0.7,28.9,275.0,97.82,94.568,0.223,True
llava_ov_0.5b,ovobench_backward,rlt_ref0.8,29.83,275.0,99.24,99.667,0.114,True
llava_ov_0.5b,ovobench_backward,rlt_ref0.9,29.67,275.0,99.53,101.559,0.075,True
llava_ov_0.5b,ovobench_realtime,baseline,47.43,237.0,0.0,18.188,8.075,False
llava_ov_0.5b,ovobench_realtime,rlt_ref0.25,50.18,237.0,45.1,28.973,4.474,False
llava_ov_0.5b,ovobench_realtime,rlt_ref0.5,50.48,237.0,81.94,53.0,1.5,True
llava_ov_0.5b,ovobench_realtime,rlt_ref0.6,48.7,237.0,92.03,76.154,0.688,True
llava_ov_0.5b,ovobench_realtime,rlt_ref0.7,46.31,237.0,97.33,92.909,0.264,True
llava_ov_0.5b,ovobench_realtime,rlt_ref0.8,41.4,237.0,99.19,99.127,0.126,True
llava_ov_0.5b,ovobench_realtime,rlt_ref0.9,36.82,237.0,99.63,101.105,0.085,True
llava_ov_0.5b,streambench,baseline,53.5,275.0,0.0,18.188,8.075,False
llava_ov_0.5b,streambench,rlt_ref0.25,53.91,275.0,46.69,29.235,4.412,False
llava_ov_0.5b,streambench,rlt_ref0.5,53.7,275.0,82.14,51.678,1.546,True
llava_ov_0.5b,streambench,rlt_ref0.6,50.12,275.0,92.0,74.298,0.753,True
llava_ov_0.5b,streambench,rlt_ref0.7,46.41,275.0,97.2,89.892,0.34,True
llava_ov_0.5b,streambench,rlt_ref0.8,41.41,275.0,99.03,93.405,0.252,True
llava_ov_0.5b,streambench,rlt_ref0.9,37.36,275.0,99.47,95.959,0.192,True
llava_ov_0.5b,streamingbench_real,baseline,56.24,250.0,0.0,18.188,8.075,False
llava_ov_0.5b,streamingbench_real,rlt_ref0.25,58.0,250.0,60.23,36.204,3.252,False
llava_ov_0.5b,streamingbench_real,rlt_ref0.5,58.08,250.0,85.34,60.874,1.224,True
llava_ov_0.5b,streamingbench_real,rlt_ref0.6,56.16,250.0,92.69,78.149,0.633,True
llava_ov_0.5b,streamingbench_real,rlt_ref0.7,54.96,250.0,97.18,92.625,0.271,True
llava_ov_0.5b,streamingbench_real,rlt_ref0.8,50.96,250.0,99.11,99.196,0.124,True
llava_ov_0.5b,streamingbench_real,rlt_ref0.9,44.8,250.0,99.68,100.912,0.089,True
